RazaoSocial,UF,Total_Despesas,Media_Despesas,Desvio_Padrao
BRADESCO SAÃDE S.A.,RJ,2571367464285.69,1137269997.4726624,3691103035.215179
SUL AMERICA COMPANHIA DE SEGURO SAÃDE,RJ,2113470247795.5,669455257.4581882,2396832185.292221
AMIL ASSISTÃNCIA MÃDICA INTERNACIONAL S.A.,SP,1742787106092.95,599513968.3842278,2229910109.656595
NOTRE DAME INTERMÃDICA SAÃDE S.A.,SP,1481931697727.59,513134244.36550903,1873899497.3008697
HAPVIDA ASSISTENCIA MEDICA S.A.,CE,1290814551874.4,398153779.1099321,1473342218.9754913
CAIXA BENEFICENTE DOS FUNCIONARIOS DO BANCO DO ESTADO DE SÃO PAULO,SP,587053601699.71,333363771.55009085,1748137771.6169317
UNIMED BELO HORIZONTE COOPERATIVA DE TRABALHO MÃDICO,MG,498273966133.44,107040594.22845113,463659257.3885143
UNIMED NACIONAL - COOPERATIVA CENTRAL,SP,463780489744.52997,136245737.29275262,519869450.19024515
PREVENT SENIOR PRIVATE OPERADORA DE SAÃDE LTDA,SP,406651960378.12,184255532.56824648,641622494.0211459
CAIXA DE ASSISTÃNCIA DOS FUNCIONÃRIOS DO BANCO DO BRASIL,DF,403307657279.04,212378966.4449921,723343399.4878238
PORTO SEGURO - SEGURO SAÃDE S/A,SP,399231778531.88,196859851.34708086,627920771.2644691
UNIMED DO EST. DO RJ FEDERAÃÃO EST. DAS COOPERATIVAS MÃDICAS,RJ,360149395583.98,170606061.38511604,503327824.83559245
UNIMED SEGUROS SAÃDE S/A,SP,335828638172.07,135633537.2261995,505095635.1941001
GEAP AUTOGESTÃO EM SAÃDE,DF,332703183785.77,157157857.24410486,494124996.519967
CLINIPAM CLINICA PARANAENSE DE ASSISTENCIA MEDICA LTDA,CE,272481020275.73,113581083.89984578,522665313.1069448
UNIMED PORTO ALEGRE - COOPERATIVA MÃDICA LTDA.,RS,262934422617.46,84954579.19788691,299424594.6618937
UNIMED CURITIBA - SOCIEDADE COOPERATIVA DE MÃDICOS,PR,208273546440.83,67424262.36349304,246096928.55290782
CARE PLUS MEDICINA ASSISTENCIAL LTDA.,SP,188629086410.84,119385497.72837974,318036492.9269898
UNIMED CAMPINAS - COOPERATIVA DE TRABALHO MÃDICO,SP,184750725763.93,48746893.34140633,207561582.97928303
ODONTOPREV S/A,SP,161620660380.49,71959332.31544523,221330729.48488653
UNIMED DE FORTALEZA SOCIEDADE COOPERATIVA MÃDICA LTDA.,CE,159405570791.7,41447106.29009361,172223374.93313748
ITAUSEG SAÃDE S.A.,SP,156897324181.08,110026174.04002804,364553757.9217896
FUNDAÃÃO SAÃDE ITAÃ,MG,149760482677.65,111511900.72795978,326212808.81781876
OMINT SERVIÃOS DE SAÃDE S.A.,SP,137701448832.51,75082578.42557798,258110924.92873162
SUL AMÃRICA PARANÃ CLÃNICAS SERVIÃOS DE SAÃDE S.A.,SP,133242240159.0,63630487.18194842,239907144.9839673
UNIMED GOIANIA COOPERATIVA DE TRABALHO MÃDICO,GO,132525685391.28,44606423.89474251,176994985.7013624
UNIMED VITORIA COOPERATIVA DE TRABALHO MEDICO,ES,132286947443.92,32890837.256071605,130667604.03779082
SAMEDIL SERVIÃOS DE ATENDIMENTO MÃDICO S/A,ES,130079788589.79001,68283353.59044094,220243850.14175102
FUNDAÃÃO CESP,SP,122746260712.12,97805785.42798406,255934803.24423695
UNIMED DO ESTADO DE SÃO PAULO - FEDERAÃÃO ESTADUAL DAS COOP. MÃDICAS,SP,119809483642.77,42097499.52310963,144582762.6432367
HUMANA SAÃDE NORDESTE LTDA. ,PI,115056109321.07,44015344.04019511,183247887.77408004
SERV  SOCIAL AUTÃNOMO DE ASSIST Ã SAÃDE DOS SERV PÃBLICOS E MILITARES DE GOIÃS,GO,109091148195.25,95693989.64495614,305082929.0181918
GRUPO HOSPITALAR DO RIO DE JANEIRO LTDA,RJ,107050377610.67,47493512.69328749,179515069.88991982
QUALICORP ADMINISTRADORA DE BENEFÃCIOS S.A.,SP,106352615812.51,63798809.72556088,167423509.9361396
UNIMED RECIFE COOPERATIVA DE TRABALHO MÃDICO,PE,103124068677.52,46327074.877592094,138155657.12772298
UNIMED GRANDE FLORIANÃPOLIS-COOPERATIVA DE TRABALHO MEDICO,SC,95043892536.56,26118134.799824126,95571425.62956947
FUNDAÃÃO SÃO FRANCISCO XAVIER,MG,87904272419.78,38285832.93544425,110039186.86001109
NOTRE DAME INTERMÃDICA MINAS GERAIS SAÃDE S.A.,CE,86640023396.36,34218018.71894155,115319558.87089391
UNIMED BELÃM COOPERATIVA DE TRABALHO MÃDICO,PA,85739454870.58,37164913.2512267,128308499.99735959
UNIMED NATAL SOC. COOP. DE TRAB. MÃDICO,RN,83729292784.81,31022338.934720267,107032587.50424056
UNIMED SAO JOSÃ DO RIO PRETO - COOP. DE TRABALHO MÃDICO,SP,82656189188.06,22279296.27710512,89935832.03346232
UNIMED DE LONDRINA COOPERATIVA DE TRABALHO MÃDICO,PR,81491124534.18,26245128.674454104,90779314.45477694
ASSOCIAÃÃO PETROBRAS DE SAÃDE - APS,RJ,79750439605.39,65476551.40015599,209682012.08598638
SANTA HELENA ASSISTÃNCIA MÃDICA S/A.,SP,79181676088.51,38086424.28499759,132508273.84665711
UNIMED SOROCABA COOPERATIVA DE TRABALHO MÃDICO,SP,77522816407.16,33676288.62170287,101828165.0231388
UNIMED CUIABA COOPERATIVA DE TRABALHO MÃDICO,MT,76567920823.18,18803516.901566796,81312665.83562851
SAMP ESPIRITO SANTO ASSISTENCIA MEDICA SA,ES,76328850077.7,27309069.7952415,99126127.51762249
BRADESCO SAÃDE - OPERADORA DE PLANOS  S/A,SP,76258058464.02,60045715.326000005,211808462.4327966
UNIMED SERRA GAUCHA/RS COOPERATIVA DE ASSISTENCIA A SAUDE LTDA,RS,73109436071.45,19459525.172065478,76562702.99805291
CAIXA DE ASSISTENCIA DOS SERVIDORES DO ESTADO DE MATO GROSSO DO SUL,MS,72162548819.92,43867810.83277811,118564306.2710956
UNIMED REGIONAL MARINGÃ COOP.DE TRABALHO MÃDICO,PR,67860666337.49,18704704.062152702,70081264.32182658
UNIMED-SÃO GONÃALO - NITERÃI - SOC.COOP.SERV.MED E HOSP LTDA,RJ,66085404588.13,24816148.925321065,77285975.30218397
FUNDAÃÃO ASSISTENCIAL DOS SERVIDORES DO MINISTÃRIO DA FAZENDA,DF,65409373790.8,36808876.64085538,136491836.71874803
UNIMED DE BAURU COOPERATIVA DE TRABALHO MÃDICO,SP,64399026548.53,18991160.881312296,68559974.24572027
CAIXA DE ASSISTÃNCIA DOS EMPREGADOS DO BANCO DO ESTADO DO RIO GRANDE DO SUL,RS,60310582536.19,36662968.10710639,156260061.00109828
UNIMED DE RIBEIRAO PRETO - COOPERATIVA DE TRABALHO MÃDICO,SP,60248677116.38,24205977.145994373,74565927.10541932
UNIMED LITORAL COOPERATIVA DE TRABALHO MÃDICO LTDA,SC,59642861988.21,18586120.90626675,64334241.45168445
SINDIFISCO NACIONAL - SINDICATO NACIONAL DOS AUDITORES-FISCAIS DA RECEITA FEDERAL DO BRASIL,DF,59369357103.02,32746473.857153885,96863892.05429049
UNIMED CAMPO GRANDE MS COOPERATIVA DE TRABALHO MÃDICO,MS,58651271118.1,20365024.69378472,69426436.82143295
UNIMED MACEIO COOPERATIVA DE TRABALHO MÃDICO,AL,58627208958.39,22073497.348791417,76337632.32751365
UNIMED DO ESTADO DO PARANÃ FEDERAÃÃO ESTADUAL DAS COOPERATIVAS MÃDICAS,PR,57375920384.33,22950368.153732,71138229.4205292
UNIMED-RIO COOPERATIVA DE TRABALHO MEDICO DO RIO DE JANEIRO,RJ,55710519693.2,84282178.05325264,279237058.6651181
UNIMED JOAO PESSOA - COOPERATIVA DE TRABALHO MÃDICO,PB,54234576897.590004,23276642.4453176,84920372.32920377
ASSOCIAÃÃO DE BENEFICÃNCIA E FILANTROPIA SÃO CRISTOVÃO,SP,52763874039.31,24865162.12974081,75542866.2819913
UNIMED DO BRASIL - CONF. NACIONAL DAS COOPERATIVAS MÃDICAS,SP,52006574406.67,34080323.98864351,101701840.84662355
POSTAL SAÃDE CAIXA DE ASSISTÃNCIA E SAÃDE DOS EMPREGADOS DOS CORREIOS,DF,51645126160.659996,34315698.44562126,129714849.90350667
UNIMED DO ESTADO DE SANTA CATARINA FED. EST. DAS COOP. MÃD.,SC,51622472764.69,17776333.596656337,60395659.698326394
ASSOCIAÃÃO BENEFICENTE DOS PROFESSORES PÃBLICOS ATIVOS E INATIVOS DO RIO DE JANEIRO - APPAI,RJ,50302340063.03,42485084.512694255,125850810.36260056
UNIMED DE SANTOS COOP DE TRAB MEDICO,SP,50224377832.25,17118056.52087594,63836622.06671546
CENTRO TRASMONTANO DE SAO PAULO,SP,49198737813.02,36715475.97986567,103039748.29693562
UNIMED DE JOINVILLE COOPERATIVA DE TRABALHO MÃDICO,SC,49187755883.03,21939230.991538804,64700526.05895412
UNIMED BLUMENAU - COOPERATIVA DE TRABALHO MEDICO,SC,49052954279.02,17067833.778364647,57130672.54333904
CENTRO CLÃNICO GAÃCHO LTDA,CE,48802659127.03,21594096.95886283,66468975.562749304
H.B. SAÃDE S/A.,SP,48565669553.82,28771131.252263032,121366358.49573599
UNIMED DE PIRACICABA SOCIEDADE COOPERATIVA DE SERVIÃOS MÃDICOS,SP,47541131564.1,12435556.255323045,47708103.94244959
CEMIG SAÃDE,MG,46750681363.92,33852774.34027516,101271885.51983048
UNIMED DE CIANORTE - COOPERATIVA DE TRABALHO MEDICO ,PR,46260926423.15,23423253.88513924,554757317.9215208
UNIMED VALE DO SINOS - COOPERATIVA DE ASSISTÃNCIA Ã SAÃDE LTDA,RS,45465918048.94,14605177.65786701,51211476.240804866
UNIMED JUIZ DE FORA COOPERATIVA DE TRABALHO MÃDICO LTDA,MG,43332152358.96,13879613.183523383,46362041.67554506
UNIMED CHAPECÃ - COOPERATIVA DE TRABALHO MÃDICO DA REGIÃO OESTE CATARINENSE,SC,43093679496.23,15750613.850961259,47872787.31228094
UNIMED DIVINOPOLIS - COOPERATIVA DE TRABALHO MEDICO LTDA,MG,42320471927.57,16365225.029996132,54217383.16628801
UNIMED DE MANAUS COOP. DO TRABALHO MÃDICO LTDA,AM,42301924600.19,21267935.947807945,59948225.27434532
UNIMED UBERLÃNDIA COOPERATIVA REGIONAL TRABALHO MÃDICO LTDA,MG,41383525178.02,11190785.607901568,47015103.280919485
UNIMED NOVA IGUACU COOPERATIVA DE TRABALHO MEDICO,RJ,40097968071.79,17092058.001615517,51273348.20350433
UNIMED - COOPERATIVA DE SERVIÃOS DE SAÃDE DOS VALES DO TAQUARI E RIO PARDO LTDA.,RS,39157477038.82,12570618.632044943,45213443.812777266
UNIMED SAO JOSE DOS CAMPOS - COOPERATIVA DE TRABALHO MEDICO,SP,38559030811.06,10590230.928607525,42480862.39492279
"SERVIÃO SOCIAL DA INDÃSTRIA DO PAPEL, PAPELÃO E CORTIÃA DO ESTADO DE SÃO PAULO - SEPACO",SP,38306594463.38,30793082.36606109,73290917.31679595
UNIMED DE CASCAVEL COOPERATIVA DE TRABALHO MÃDICO,PR,37382140177.41,10386813.052906364,39840180.61723908
UNIMED DE VOLTA REDONDA COOPERATIVA DE TRABALHO MÃDICO,RJ,37376835005.37,11907242.754179675,39281928.628505625
PASA - PLANO DE ASSISTENCIA A SAUDE DO APOSENTADO DA VALE,RJ,36304942731.9,20327515.52737962,60334484.16870248
ECONOMUS INSTITUTO DE SEGURIDADE SOCIAL,SP,35703665118.95,28201947.171366505,87674024.16072267
ALICE OPERADORA LTDA.,SP,35230930963.29,28050104.27013535,72309521.51389395
LEVE SAUDE OPERADORA DE PLANOS DE SAUDE S.A,RJ,35132268972.38,16996743.57638123,51572256.663949706
UNIMED TERESINA - COOPERATIVA DE TRABALHO MÃDICO,PI,34997384622.49,15582094.667181656,48647362.05199637
UNIMED DE MACAÃ COOPERATIVA DE ASSISTÃNCIA Ã SAÃDE,RJ,34340817124.02,11489065.61526263,38830839.74549394
UNIMED SUL CAPIXABA COOPERATIVA DE TRABALHO MÃDICO,ES,34111116662.29,9302186.163700573,34586173.70501137
CAIXA DE ASSISTÃNCIA DOS FUNCIONÃRIOS DO BANCO DO NORDESTE DO BRASIL,CE,33878580213.239998,18382300.712555613,61749668.99466144
ASSOCIAÃÃO ADVENTISTA NORTE BRASILEIRA DE PREVENÃÃO E ASSISTÃNCIA A SAÃDE,PA,33812650117.98,21800548.10959381,59915848.00205259
UNIMED SÃO CARLOS - COOPERATIVA DE TRABALHO MÃDICO,SP,33552362547.89,12723686.97303375,43604359.29771254
UNIMED DE PRESIDENTE PRUDENTE COOPERATIVA DE TRAB. MÃDICO,SP,33174347828.670002,12050253.479357066,39843869.61351166
HUMANA SAÃDE LTDA.,PR,32817014964.88,11813180.332930166,41122670.428315945
FUNDAÃÃO DE SAÃDE ITAIGUAPY,PR,31815588788.739998,19542744.9562285,48717852.30562011
UNIMED SERGIPE - COOPERATIVA DE TRABALHO MÃDICO,SE,31285863738.16,8235289.217730982,36477501.6918247
UNIMED DE CRICIÃMA COOPERATIVA DE TRABALHO MÃDICO DA REGIÃO CARBONÃFERA,SC,30674589280.07,10083691.413566733,33261984.396984413
COOPERATIVA DE TRABALHO MÃDICO DE POUSO ALEGRE,MG,29696260924.45,12922654.884442994,39256963.2523572
ASSOCIAÃÃO DR. BARTHOLOMEU TACCHINI,RS,28951193519.19,16861498.846354105,42401805.29083431
MEDISERVICE OPERADORA DE PLANOS DE SAÃDE S.A.,SP,28484627728.43,18715261.31959921,58629514.257335655
ASSOCIAÃÃO SANTA SAÃDE,SP,28195848694.73,15216324.174166217,43294877.569769174
UNIMED UBERABA COOPERATIVA DE TRABALHO MEDICO LTDA.,MG,28015284810.35,11148143.577536808,35292869.7943082
UNIMED FRANCA - SOCIEDADE COOPERATIVA DE SERVIÃOS MÃDICOS E HOSPITALARES,SP,27522927830.64,8026517.302607174,29723812.50124089
UNIMED JUNDIAI - COOPERATIVA DE TRABALHO MÃDICO,SP,27502492127.42,10896391.492638668,38331927.67148423
FUNDAÃÃO COPEL DE PREVIDÃNCIA E ASSISTÃNCIA SOCIAL,PR,26281664589.98,18213211.774067912,50148648.794906385
UNIMED CARUARU-COOPERATIVA DE TRABALHO MEDICO,PE,25858513882.0,9918877.591868047,32961873.252915826
REAL GRANDEZA - FUNDAÃÃO DE PREVIDÃNCIA E ASSISTÃNCIA SOCIAL,RJ,25505828829.91,17280371.835982386,48286591.89015312
UNIMED PONTA GROSSA COOPERATIVA DE TRABALHO MEDICO,PR,24921223635.45,9128653.34631868,30596234.62434589
UNIMED NORTE DO MATO GROSSO COOPERATIVA DE TRABALHO MÃDICO,MT,24829935743.13,12123992.062075196,40236605.7839865
HOSPITAL DE CLÃNICAS DE PASSO FUNDO,RS,24352677128.99,32732092.915309142,61471968.62227506
FUNDACAO LEONOR DE BARROS CAMARGO,SP,24208013291.53,20173344.40960833,48145942.48656114
UNIMED SANTA MARIA/RS - COOPERATIVA DE ASSISTÃNCIA Ã SAÃDE LTDA,RS,24185731151.53,9241777.283733282,28763393.18234189
CIRCULO OPERARIO CAXIENSE,RS,23515407101.79,10535576.658508064,31565560.440358397
DOCTOR CLIN OPERADORA DE PLANOS DE SAÃDE LTDA.,RS,23431448214.43,11120763.272154722,37597988.27013099
COOPERATIVA CENTRAL UNIMED DE COOPERATIVAS DE ASSISTÃNCIA Ã SAÃDE DO RIO GRANDE DO SUL LTDA.,RS,23410953150.2,6583507.6350393705,25490357.189616896
ASSOCIACAO DOS AUDITORES FISCAIS DA RECEITA ESTADUAL DE SAO PAULO,SP,23068598886.22,14490325.933555277,45405308.982431605
UNIMED DE SANTA BÃRBARA D'OESTE E AMERICANA - COOP DE TRABALHO MÃDICO,SP,23055231733.07,7069988.265277522,26455086.01473764
INSTITUTO CURITIBA DE SAÃDE,PR,22934114575.02,18259645.362277072,53926948.35601362
UNIMED CAMPINA GRANDE - COOPERATIVA DE TRABALHO MEDICO LTDA,PB,22761431730.58,14111240.998499691,36354646.1756946
ASSOCIAÃÃO EVANGELICA BENEFICENTE DE LONDRINA,PR,22751454399.68,10216189.672061069,28863548.8086595
BENEFICENCIA CAMILIANA DO SUL,SP,22621834475.86,19637009.093628474,48959155.889661565
UNIMED REGIONAL DA BAIXA MOGIANA - COOPERATIVA DE TRABALHO MÃDICO,SP,22338707520.31,7629340.000105875,28799684.23197354
SOBAM CENTRO MÃDICO HOSPITALAR S.A.,SP,22201587086.4,11734454.062579282,39279211.82686907
UNIMED VALE DO SÃO FRANCISCO COOPERATIVA DE TRABALHO MÃDICO,PE,21991061400.94,9326149.873172179,31130530.709702596
UNIMED DE ARARAQUARA - COOP. DE TRAB. MÃDICO,SP,21851575148.31,8981329.69515413,29632443.95338415
GAMA SAUDE LTDA.,SP,21023335404.670002,17204038.79269231,56905296.89197059
IRMANDADE DA SANTA CASA DE MISERICÃRDIA DE PASSOS,MG,21008484237.7,13330256.496002538,35555922.22756253
UNIMED FRANCISCO BELTRAO COOPERATIVA DE TRABALHO MEDICO,PR,20971601055.7,11037684.766157895,219022435.50401995
IRMANDADE DA SANTA CASA DE MISERICÃRDIA DE PIRACICABA,SP,20959953161.81,16889567.414834812,37274766.72272322
UNIMED DE DOURADOS COOPERATIVA DE TRABALHO MÃDICO LTDA,MS,20898785772.28,9051011.594750974,27377723.21851465
PLANO HOSPITAL SAMARITANO LTDA,SP,20863650964.079998,13762302.746754616,49776837.22888167
UNIMED DE MARILIA COOPERATIVA DE TRABALHO MÃDICO,SP,20845749148.59,7087979.98931996,26823377.88546668
SANTA CASA DE MISERICÃRDIA DE JUIZ DE FORA,MG,20764910740.87,10356563.960533665,26964456.55562498
SUL AMÃRICA ODONTOLÃGICO S/A,SP,20412073469.47,10548875.178020673,35842487.28228471
UNIMED NOVA FRIBURGO-SOC.COOP.SERV.MED.HOSP.LTDA.,RJ,20263445216.69,9078604.487764336,30145022.438381482
UNIMED REGIONAL JAU - COOPERATIVA DE TRABALHO MÃDICO,SP,20234611337.1,6124277.039073849,21138235.577358823
CAIXA DE ASSISTÃNCIA Ã SAÃDE - CABERJ,RJ,20230133225.02,12885435.175171975,35887538.80746393
PLANO DE SAÃDE ANA COSTA LTDA.,SP,20206798874.41,10502494.217468815,34064837.07323459
ABERTTA SAÃDE - ASSOCIAÃÃO BENEFICENTE DOS EMPREGADOS DA ARCELORMITTAL NO BRASIL,MG,19882435378.93,10575763.499430852,32630756.741431013
UNIMED DE GUARULHOS COOPERATIVA DE TRABALHO MÃDICO,SP,19880706983.61,7488025.229231639,24612800.59720777
UNIMED PLANALTO MÃDIO/RS - COOPERATIVA DE ASSISTÃNCIA Ã SAÃDE LTDA.,RS,19548190887.11,9526408.814381093,29776844.792928796
FUNDAÃÃO CHESF DE ASSISTÃNCIA E SEGURIDADE SOCIAL,PE,19487222110.670002,24824486.765184715,53854465.37902231
UNIMED RONDONOPOLIS COOPERATIVA DE TRABALHO MÃDICO LTDA,MT,19484355603.74,5835386.524031147,21555149.732007474
ASSOCIAÃAO DOS FUNCIONARIOS PUBLICOS DO ESTADO DO RIO GRANDE DO SUL,RS,19440795529.32,10818472.748647746,42310546.75284664
UNIMED GOVERNADOR VALADARES COOP. DE TRABALHO MÃDICO LTDA.,MG,19321945034.29,8397194.712859627,27427776.30247254
UNIMED MISSÃES/RS - COOPERATIVA DE ASSISTÃNCIA Ã SAÃDE LTDA.,RS,19240332572.15,7104997.25707164,25842252.448373295
ASSOCIAÃÃO SANTA CASA SAÃDE DE SÃO JOSÃ DOS CAMPOS,SP,19213229922.94,11170482.513337208,45439435.526451066
UNIMED DE TUBARAO - COOPERATIVA DE TRABALHO MEDICO DA REGIAO DA AMUREL,SC,19159891476.47,5071437.659203283,17801155.80075957
METRUS INSTITUTO DE SEGURIDADE SOCIAL,SP,18806865573.4,12776403.242798913,39432182.47458752
UNIMED DO CEARÃ - FEDERAÃÃO DAS SOCIEDADES COOPERATIVAS MÃDICAS DO ESTADO DO CEARÃ LTDA.,CE,18436441833.13,10838590.14293357,33066130.736215394
UNIMED DE BOTUCATU COOPERATIVA DE TRABALHO MÃDICO,SP,18405482209.3,7991959.274554928,22968950.142525014
UNIMED PORTO VELHO - SOCIEDADE COOPERATIVA MÃDICA LTDA,RO,18229500838.6,8134538.526818384,24795999.9591627
SAMEL PLANO DE SAÃDE LTDA,AM,17944747870.7,12384229.034299517,42457835.30854857
SUPERMED ADMINISTRADORA DE BENEFÃCIOS LTDA.,RJ,17890073759.73,19031993.361414894,41810409.88906282
UNIMED DE ARACATUBA - COOPERATIVA DE TRABALHO MÃDICO,SP,17803671648.91,5395052.014821212,17459648.454205494
UNIMED SALTO/ITU - COOPERATIVA MÃDICA,SP,17623216996.63,6627761.187149305,21969968.43861093
BENEFICENCIA SOCIAL BOM SAMARITANO,MG,17319144249.52,14313342.354975207,36914895.817706406
UNIMED DE CAMPOS COOPERATIVA DE TRABALHO MÃDICO,RJ,17301744737.6,6305300.560349854,21180713.226044115
PLENA SAÃDE S.A.,SP,17286969604.97,8994260.98073361,25590142.663236856
ASSOCIAÃÃO DE SAÃDE PORTUGUESA DE BENEFICÃNCIA,SP,17242612461.48,12083120.155206727,36050186.81931131
PROMÃDICA - PROTEÃÃO MEDICA A EMPRESAS S.A.,BA,17176424256.32,10205837.34778372,34310225.29651754
UNIMED DE LIMEIRA COOPERATIVA DE TRABALHO MÃDICO,SP,17132946258.17,6758558.681723866,22069058.579916902
BIOVIDA SAÃDE LTDA.,SP,16905887265.78,13868652.391944217,34808992.090637535
UNIMED SAÃDE E ODONTO S.A,SP,16615703316.62,9159704.143671446,27609219.45726088
UNIMED LESTE PAULISTA COOPERATIVA DE TRABALHO MÃDICO,SP,16546229969.06,4572044.755197568,17832647.55827264
CAIXA DE PREVIDÃNCIA E ASSISTÃNCIA DOS SERVIDORES DA FUNDAÃÃO NACIONAL DE SAÃDE - CAPESESP,RJ,16434688899.39,14303471.626971278,41149612.814765185
CONFERÃNCIA SÃO JOSÃ DO AVAÃ,RJ,16233360954.45,12997086.432706166,29461959.260972083
FUNDAÃÃO CELESC DE SEGURIDADE SOCIAL - CELOS,SC,16187819138.07,10566461.578374673,30903539.701064408
UNIMED PELOTAS/RS - COOPERATIVA DE ASSISTÃNCIA Ã SAÃDE LTDA.,RS,16122910597.53,6670629.125995035,20081733.12331497
QUALLITY PRÃ SAÃDE PLANO DE ASSISTÃNCIA MÃDICA LTDA.,DF,16021920348.66,9651759.246180722,35370519.31350004
UNIMED ANHANGUERA COOPERATIVA DE TRABALHO MÃDICO,SP,15847598843.9,6175993.314068589,20501335.58225541
KLINI PLANOS DE SAÃDE LTDA,RJ,15799868714.31,12229000.552871516,35122119.36251054
AUSTACLINICAS ASSISTÃNCIA MÃDICA E HOSPITALAR LTDA,SP,15680581597.98,8625182.397128712,26213561.839423146
UNIMED PATOS DE MINAS COOPERATIVA TRABALHO MÃDICO LTDA.,MG,15568754994.89,4671093.607827783,18806809.510098573
IRMANDADE DA SANTA CASA DE MISERICORDIA DE LIMEIRA,SP,15467471010.0,11700053.714069592,28083516.78952827
LIFE EMPRESARIAL SAÃDE LTDA.,SP,15388522226.96,7879427.663573989,24128271.868040986
UNIMED PALMAS COOPERATIVA DE TRABALHO MÃDICO,TO,15325888962.19,5720749.892568123,17412623.429531787
UNIMED DO SUDOESTE COOPERATIVA DE TRABALHO MEDICO LTDA,BA,15222097873.39,7304269.612951055,21213946.664973173
UNIMED DE BEBEDOURO COOPERATIVA DE TRABALHO MÃDICO,SP,15218390781.24,6421261.933012658,21735117.00187601
UNIMED RIO VERDE COOPERATIVA TRABALHO MEDICO,GO,15178585576.26,6200402.604681373,19674231.0482429
UNIMED NOROESTE/RS - SOCIEDADE COOPERATIVA DE ASSISTÃNCIA Ã SAÃDE LTDA.,RS,15099353092.57,5843402.899601393,18324635.97977822
METLIFE PLANOS ODONTOLÃGICOS LTDA.,SP,14957488094.25,10676294.142933618,26064948.448813908
MÃTUA DOS MAGISTRADOS DO ESTADO DO RIO DE JANEIRO,RJ,14895786659.03,13895323.375960821,31941307.010686528
SÃO LUCAS SAÃDE S/A,SP,14886720588.95,8358630.313840539,23474749.640769396
BENSAUDE PLANO DE ASSISTENCIA MEDICA HOSPITALAR LTDA.,SP,14846263232.45,8359382.4507038295,29708761.582686514
2CARE OPERADORA DE SAÃDE LTDA.,SP,14817215378.03,9301453.47020088,26743850.925297577
IRMANDADE SANTA CASA DE MISERICÃRDIA DE MARINGÃ,PR,14709588229.89,7955429.004808004,21555457.849146187
UNIMED NORTE/NORDESTE-FEDERAÃÃO INTERFEDERATIVA DAS SOCIEDADES COOPERATIVAS DE TRABALHO MÃDICO EM RECUPERAÃÃO JUDICIAL,PB,14591530423.15,9606010.811816985,29995475.67160742
ALVORECER - ASSOCIAÃÃO DE SOCORROS MÃTUOS,SP,14453050390.87,10286868.605601424,32202042.163815383
BIO SAÃDE SERVIÃOS MÃDICOS LTDA,SP,14385352754.36,11957899.213931838,30809592.17043476
UNIMED POÃOS DE CALDAS - SOC. COOP. DE TRAB. E SERVIÃOS MÃDICOS,MG,14152053080.17,7456297.724009484,18582310.770437587
HOSPITAL DE CARIDADE SÃO VICENTE DE PAULO,PR,14048960792.96,18583281.47216931,50252189.427519746
SANTA CASA DE MISERICÃRDIA DE VOTUPORANGA,SP,13920282235.22,9851579.784302901,25944887.131765537
UNIMED COSTA OESTE - COOPERATIVA DE TRABALHO MÃDICO,PR,13763676304.01,5675742.80577732,18446569.438327264
UNIMED OESTE DO PARÃ - COOPERATIVA DE TRABALHO MÃDICO,PA,13756270462.24,9586251.193198606,25032211.428407926
AMEPLAN ASSISTÃNCIA MÃDICA PLANEJADA LTDA,SP,13659282444.07,10466883.098904215,25320728.36208295
UNIMED AMPARO COOPERATIVA DE TRABALHO MÃDICO,SP,13569479959.78,5614182.854687629,18829600.287803404
S.P.A SAUDE- SISTEMA DE PROMOÃÃO ASSISTENCIAL,SP,13434833570.16,9303901.364376731,25234147.51780743
UNIMED NORDESTE PAULISTA - FED. INTRAFEDERATIVA DAS COOP. MÃDICAS,SP,13419869769.3,5917050.162830687,16667769.736860607
UNIMED DE RIO CLARO SP COOPERATIVA DE TRABALHO MEDICO,SP,13416072194.34,4149728.4857222396,15161310.264585648
AMPLA PLANOS DE SAUDE LTDA,RJ,13300428127.87,17250879.543281455,48032210.01964675
NOSSA SAÃDE - OPERADORA PLANOS PRIVADOS DE ASSISTÃNCIA  Ã SAÃDE LTDA.,PR,13251357445.67,6319197.637420124,20776588.960439812
UNIMED NOROESTE CAPIXABA COOPERATIVA DE TRABALHO MÃDICO.,ES,13124006823.43,5664223.920340958,17347496.8219736
INTEGRA ASSISTENCIA MEDICA SA,SP,12939642376.86,13736350.718535032,37533836.44679856
ALL CARE ADMINISTRADORA DE BENEFÃCIOS SÃO PAULO LTDA,SP,12904149451.34,9119540.24829682,25537170.23072734
IRMANDADE DA SANTA CASA DE MISERICÃRDIA DE RIO CLARO,SP,12886665205.64,6564781.052287315,17894472.696669925
PROASA SAÃDE,DF,12791747207.52,10096090.929376481,28014520.70801113
UNIMED PETROPOLIS-RJ COOPERATIVA DE TRABALHO MÃDICO,RJ,12778445452.27,5712313.568292356,16242004.463461788
UNIMED VARGINHA COOPERATIVA DE TRABALHO MÃDICO,MG,12698495191.67,5648796.7934475085,15968670.73287618
HOSPITAL MATERNIDADE SÃO VICENTE DE PAULO,CE,12434721036.39,27090895.504117645,38745874.19689579
AMESC - ASSOCIAÃÃO MÃDICA ESPÃRITA CRISTÃ,RJ,12343751557.24,7197522.773900875,20586066.242594253
CAIXA DE ASSISTÃNCIA DOS EMPREGADOS DA EMPRESA BRASILEIRA DE PESQUISA  AGROPECUÃRIA,DF,12191502582.81,10865866.82959893,28093953.95637229
ASSOCIAÃÃO ASSISTENCIAL DE SAÃDE SUPLEMENTAR CRUZ AZUL SAÃDE,SP,12023908649.77,11226805.461970123,29435507.88633866
FUNDAÃÃO AFFEMG DE ASSISTÃNCIA E SAÃDE - FUNDAFFEMG,MG,11927192838.96,9083924.477501903,27264886.616026215
UNIMED VALE DO SEPOTUBA - COOPERATIVA DE TRABALHO MÃDICO,MT,11918175899.9,5028766.2024894515,18240417.90514119
UNIMED VALE DO AÃO COOPERATIVA DE TRABALHO MÃDICO,MG,11883015422.68,7535203.184958783,22063712.048467528
CAIXA DE ASSISTENCIA A SAUDE DA UNIVERSIDADE,MG,11723428228.44,11272527.14273077,25648059.72439326
UNIMED CENTRO OESTE PAULISTA - FEDERAÃÃO INTRAFEDERATIVA DAS COOPERATIVAS MÃDICAS,SP,11656911313.24,7213435.218589108,18987452.545877106
UNIMED MARANHÃO DO SUL - COOPERATIVA DE TRABALHO MÃDICO,MA,11593171611.64,3940574.9869612507,13925738.520019405
UNIMED TEOFILO OTONI COOPERATIVA DE TRABALHO MÃDICO,MG,11556959539.23,6003615.345054545,16968558.598173104
UNIMED CENTRO RONDÃNIA COOPERATIVA DE TRABALHO MÃDICO,RO,11468831216.14,4979952.764281372,17971998.39598826
ALLIANZ SAÃDE S/A,SP,11403243575.29,9526519.27760234,36808029.427046105
SOCIEDADE PORTUGUESA DE BENEFICÃNCIA,RS,11127532309.09,7727452.992423611,19449269.79544807
UNIÃO MÃDICA PLANOS DE SAÃDE S/A,BA,11124681717.74,6974722.080087774,19484206.93526922
UNIMED RIO BRANCO COOPERATIVA DE TRABALHO MEDICO LTDA,AC,11108644873.59,4510209.0432764925,15543246.686621575
UNIMED NORTE CAPIXABA- COOPERATIVA DE TRABALHO MÃDICO,ES,11100139107.55,4274216.059896033,14192565.675868819
FUNDAÃÃO SANEPAR DE ASSISTÃNCIA SOCIAL,PR,11087983370.62,7594509.157958904,22863728.8938231
MED-TOUR ADMINISTRADORA DE BENEFÃCIOS E EMPREENDIMENTOS LTDA.,SP,10848681425.41,6818781.5370270265,20873247.60943041
LIV LINHAS INTELIGENTES DE ATENÃÃO Ã VIDA S/A,SP,10818421771.66,5513976.438154944,20961862.272918288
UNIMED DO CARIRI - SOCIEDADE COOPERATIVA MÃDICA LTDA,CE,10791401147.27,7546434.36872028,21499216.389136247
UNIMED DE CATANDUVA - COOPERATIVA DE TRABALHO MÃDICO,SP,10771394385.25,3811533.752742392,11771112.83667963
UNIMED ARAXÃ COOPERATIVA DE TRABALHO MÃDICO LTDA.,MG,10713875558.51,4452982.36014547,13555160.036016822
UNIMED ANÃPOLIS COOPERATIVA DE TRABALHO MÃDICO.,GO,10551412086.33,4629842.951439228,13789888.517170021
UNIMED REGIONAL DE CAMPO MOURÃO COOP TRAB MEDICO ,PR,10513318935.76,5334002.504190766,15263961.633887528
CAIXA DE ASSISTÃNCIA Ã SAÃDE DOS SERVIDORES PÃBLICOS DO ESTADO DO MATO GROSSO DO SUL,MS,10493137494.91,7457809.164825871,22941975.2710873
SERMED-SAÃDE LTDA.,SP,10395987146.52,5250498.558848485,18551823.507460386
SAÃDE BRB - CAIXA DE ASSISTÃNCIA ,DF,10349571968.89,6983516.8481039135,21039735.623911258
UNIMED METROPOLITANA DO AGRESTE - COOPERATIVA DE TRABALHO MÃDICO,AL,10319231365.76,5055968.332072513,14999355.275587725
UNIMED SÃO LOURENÃO COOPERATIVA DE TRABALHO MÃDICO,MG,10270170673.63,4364713.418457288,14001460.689234173
UNIMED MEIO OESTE CATARINENSE COOPERATIVA DE TRABALHO MÃDICO,SC,10269889796.75,4159534.142061563,13408447.874983868
UNIMED LITORAL SUL/RS - COOPERATIVA DE ASSISTÃNCIA Ã SAÃDE LTDA.,RS,10156408983.0,3556165.6102941176,11283588.653752208
UNIMED CONSELHEIRO LAFAIETE COOPERATIVA DE TRABALHO MÃDICO LTDA,MG,9924669401.09,4039344.4855881156,13176194.023511594
SAUDE PAS - MEDICINA E ODONTO,RS,9809120994.23,7505065.795126243,22106292.067038152
CAIXA DE ASSISTÃNCIA OSWALDO CRUZ,RJ,9807124171.23,8241280.816159664,23015859.227365743
CAIXA SEGURADORA ESPECIALIZADA EM SAÃDE S/A,SP,9728317377.44,8343325.366586621,31395758.109532773
UNIMED VALE DO CAÃ/RS - COOPERATIVA DE ASSISTÃNCIA Ã SAÃDE LTDA.,RS,9714889789.35,4144577.5551834474,12515223.941045305
PLURAL GESTÃO EM PLANOS DE SAÃDE LTDA,RJ,9623865607.710001,7368962.946179174,16382533.322475111
UNIMED ALTO SÃO FRANCISCO COOPERATIVA DE TRABALHO MÃDICO,MG,9566390197.79,4303369.409712101,16036497.640078336
"FEDERAÃÃO DAS SOCIEDADES COOPERATIVAS DE TRABALHO MÃDICO DO ACRE, AMAPÃ, AMAZONAS, PARÃ, RONDONIA E RORAIMA",AM,9506226172.69,14425229.39710167,43738890.556379795
UNIMED MONTES CLAROS COOPERATIVA DE  TRABALHO MÃDICO LTDA.,MG,9478235347.94,4552466.5456003845,13431325.81425967
UNIMED CURVELO COOPERATIVA DE TRABALHO MÃDICO LTDA.,MG,9443431367.65,3848179.041422168,13365661.01673199
UNIHOSP SAÃDE LTDA,SP,9335792571.82,8464000.518422484,22439868.44630936
UNIMED DE BRUSQUE COOPERATIVA DE TRABALHO MÃDICO,SC,9300100958.13,4532212.9425584795,12896417.954193754
UNIMED ERECHIM - COOPERATIVA DE SERVIÃOS DE SAÃDE LTDA.,RS,9298151759.19,3386071.288852877,10034768.710670507
UNIMED ARARUAMA COOPERATIVA DE TRABALHO MÃDICO LTDA,RJ,9253405656.66,3634487.689183032,11766363.802442256
UNIMED DE CAÃAPAVA - COOPERATIVA DE TRABALHO MEDICO,SP,9245460648.87,2935998.9358113687,9503066.174830016
UNIMED PATO BRANCO SOCIEDADE COOPERATIVA DE MÃDICOS,PR,9232191344.18,2855611.3034890196,12452435.243438195
LUMINAR SAÃDE - ASSOCIAÃÃO DE ASSISTÃNCIA Ã SAÃDE,DF,9224952587.54,5570623.543200484,15921397.628390457
UNIMED RESENDE COOPERATIVA DE TRABALHO MÃDICO,RJ,9181811537.32,4069951.922570922,11772078.632389953
UNIMED GUARAPUAVA COOPERATIVA DE TRABALHO MÃDICO,PR,9079940534.77,3700057.267632437,11396749.475673186
SAMI ASSISTÃNCIA MÃDICA LTDA,SP,8918897331.31,7858059.322740087,29034081.31653369
CABERJ INTEGRAL SAÃDE S.A,RJ,8790493692.15,6971049.716217288,19526235.33297268
UNIMED ENCOSTA DA SERRA/RS SOCIEDADE COOPERATIVA DE SERVIÃOS DE SAÃDE LTDA.,RS,8722167397.35,3264284.2055950603,11990940.39535478
UNIMED PARÃ DE MINAS COOPERATIVA DE TRABALHO MÃDICO LTDA.,MG,8698960647.39,4103283.3242405658,12306774.973018523
UNIMED COSTA DO DESCOBRIMENTO COOPERATIVA DE TRABALHO MÃDICO,BA,8691207998.88,4524314.418990109,14445328.00922154
FUNDAÃAO COMPESA DE PREVIDENCIA E ASSISTENCIA - COMPESAPREV,PE,8622895113.19,7185745.927658333,19786337.82341955
OPERADORA UNIESTE DE PLANOS DE SAÃDE LTDA,RJ,8607642991.09,6161519.678661417,16666031.955313705
ASSOCIAÃÃO DE ASSISTÃNCIA MÃDICO HOSPITALAR DOS MAGISTRADOS DO ESTADO DO PARANÃ,PR,8561148310.53,7589670.48805851,24356634.389186174
FUNDAÃÃO FILANTRÃPICA E BENEFICENTE DE SAÃDE ARNALDO GAVAZZA FILHO,MG,8349036921.43,5115831.446954657,13597766.711861823
DENTAL UNI - COOPERATIVA ODONTOLÃGICA,PR,8328915303.2,5029538.226570048,14650287.00244169
UNIMED DE TATUI - COOPERATIVA DE TRABALHO MÃDICO,SP,8315438026.11,3108574.963031776,9922198.4663211
ASSOCIAÃÃO PADRE ALBINO SAÃDE,SP,8193150863.75,6710197.267608518,18470393.15124698
SANTA CASA DE MISERICÃRDIA E BENEFICÃNCIA PORTUGUESA,SP,8154550808.05,5382541.787491749,12897249.678102428
UNIMED DE OURINHOS - COOPERATIVA DE TRABALHO MÃDICO,SP,8115651305.5,3709164.216407678,13230612.923472615
UNIMED DE JABOTICABAL COOP. DE TRABALHO MÃDICO,SP,8100265694.86,3127515.7123011583,10025277.95720018
CENTRAL REGIONAL DAS COOPERATIVAS MÃDICAS - UNIMED CERRADO,GO,8082762805.58,4799740.383361045,13363351.636001205
ASSOCIAÃÃO DE ASSISTÃNCIA Ã SAÃDE DOS EMPREGADOS DA COPASA,MG,7996365270.63,5388386.300963612,15212945.366027698
VALEM ADMINISTRADORA DE BENEFÃCIOS LTDA,MG,7962110654.66,6110599.120997697,18008156.842489958
UNIMED BARRA DO GARÃAS - COOPERATIVA DE TRABALHO MÃDICO,MT,7929124409.2,3088868.0986365406,10565969.010114733
UNIMED DE PINDAMONHANGABA - COOPERATIVA TRABALHO MEDICO,SP,7809407245.7300005,2762436.2383197737,8317877.20606843
SIM - CAIXA DE ASSISTÃNCIA Ã SAÃDE,SC,7763798355.440001,5277905.068280082,16525712.666402051
ASSOCIAÃÃO DOS SERVIDORES FISCAIS DO ESTADO DA BAHIA,BA,7700167698.82,5281322.152825789,14030422.159550337
QUALICORP CLUBE DE SAÃDE ADMINISTRADORA DE BENEFÃCIOS LTDA.,SP,7670535632.58,6941661.205954751,15763674.93152166
UNIMED SÃO JOÃO DEL REI - COOPERATIVA DE TRABALHO MÃDICO,MG,7652269447.62,3164710.2761042183,9564497.010691518
"ASSOCIAÃÃO DOS SERVIDORES MUNICIPAIS, ESTADUAIS E FEDERAIS DO RIO DE JANEIRO",RJ,7564568575.28,6120201.112686084,14548572.660464847
PLANO DE SAÃDE DA SANTA CASA DE BRAGANÃA PAULISTA,SP,7542053617.12,6019196.821324821,17793963.43638994
UNIMED NORTE FLUMINENSE COOPERATIVA DE TRABALHO MEDICO,RJ,7541992519.13,3504643.363907993,10355643.006075352
UNIMED SUDOESTE DE MINAS COOPERATIVA DE TRABALHO MÃDICO,MG,7486990808.96,3602979.2150914343,10497576.071104871
SANTA CASA DE MISERICORDIA DE SAO JOAQUIM DA BARRA,SP,7465486717.47,4383726.786535526,11934674.665765265
CAIXA DE ASSISTÃNCIA SISTEMA SAÃDE INTEGRAL-SSI SAUDE,RS,7461430906.52,5870519.989394179,18702569.006919224
SÃO FRANCISCO ASSISTÃNCIA MÃDICA LTDA,PE,7432632633.5199995,5256458.722432815,15404095.38715766
IBBCA 2008 GESTÃO EM SAÃDE LTDA,RJ,7402586955.45,6504909.451186292,18259634.260054484
HBC SAÃDE LTDA.,SP,7401253889.3,5527448.759746079,16614233.071930036
UNIMED REGIONAL SUL GOIAS COOP. DE TRABALHO MÃDICO LTDA,GO,7400233147.35,3698267.4399550227,10005739.34033074
UNIMED DE PARANAVAÃ COOPERATIVA DE TRABALHO MÃDICO,PR,7395201070.73,3305856.5358649977,10143591.793689163
ASSOCIAÃÃO DE ASSISTÃNCIA Ã SAÃDE DA AMAGIS,MG,7360945306.63,5623334.840817418,16516835.0795056
UNIMED DE PARANAGUÃ COOPERATIVA DE TRABALHO MÃDICO,PR,7341437621.0,3719066.6773049645,11394562.336624099
UNIMED DE LINS - COOPERATIVA DE TRABALHOS MÃDICOS,SP,7333753923.92,2509840.4941546884,8496654.965928253
UNIMED ALTO DA SERRA - SOCIEDADE COOPERATIVA DE SERVIÃO MÃDICO LTDA.,RS,7241371760.59,2652517.1284212456,9531712.493256252
AMHE MED ASSISTENCIA A SAUDE LTDA - EPP,SP,7239251123.87,5722728.161162055,15914170.829639588
UNIMED DE ASSIS COOPERATIVA DE TRABALHO MÃDICO,SP,7124589789.05,2800546.300727201,9750810.184990242
UNIMED FRONTEIRA NOROESTE/RS - COOPERATIVA DE ASSISTÃNCIA Ã SAÃDE LTDA.,RS,7081760531.08,2301514.6347351316,8015871.894152796
UNIMED ITABIRA COOPERATIVA DE TRABALHO MÃDICO,MG,7075949792.57,3675818.0740623376,10362897.22876348
UNIMED ITAÃNA COOPERATIVA DE TRABALHO MÃDICO LTDA.,MG,7024034374.21,3173987.5165883414,9850574.983258242
FUNDAÃÃO DE SEGURIDADE SOCIAL DA ARCELORMITTAL BRASIL - FUNSSEST,ES,7020681221.34,11215145.720990416,20248470.844416887
ASSOCIAÃÃO MINEIRA DE ASSISTÃNCIA Ã SAÃDE DOS MEMBROS DO MINISTÃRIO PÃBLICO,MG,6931897492.2,8232657.35415677,22416237.251691595
ELOSAÃDE - ASSOCIAÃÃO DE ASSISTÃNCIA Ã SAÃDE,SC,6927737711.43,4615414.864377082,12604022.322344504
UNIMED ITAJUBA COOPERATIVA DE TRABALHO MEDICO,MG,6847401935.440001,3249834.805619364,9839136.114836344
COOPERATIVA DE TRABALHO MEDICO REGIÃO DO PLANALTO SERRANO,SC,6820704236.33,2789654.084388548,8661929.034502093
UNIMED JOÃO MONLEVADE COOPERATIVA DE TRABALHO MÃDICO LTDA.,MG,6817021633.2,3478072.2618367346,11254164.716758173
UNIMED APUCARANA COOPERATIVA DE TRABALHO MÃDICO,PR,6745176655.19,3565103.9403752643,10358824.982810687
UNIMED DE SOBRAL SOCIEDADE COOPERATIVA MÃDICA LTDA,CE,6719897649.24,4285649.010994898,10340866.808941955
UNIMED EXTREMO SUL COOPERATIVA DE TRABALHO MÃDICO,BA,6700618379.15,3265408.5668372316,10181338.282259738
AGROS - INSTITUTO UFV DE SEGURIDADE SOCIAL,MG,6694187191.89,4809042.522909483,12842127.071213966
AFFIX ADMINISTRADORA DE BENEFÃCIOS LTDA,SP,6671539710.53,5634746.377136824,12394288.94160243
GOCARE PLANOS DE SAUDE LTDA,SP,6650577811.2,4310160.603499676,10422507.78292778
UNIMED DE SÃO ROQUE - COOPERATIVA DE TRABALHO MÃDICO,SP,6642574480.99,2679537.910847116,9076430.30700196
CAIXA DE ASSISTÃNCIA DOS EMPREGADOS DA SANEAGO,GO,6624470561.28,7255718.029879518,16305993.319512194
VIVACOM PLANOS DE SAÃDE,GO,6579742848.38,4153878.0608459595,12421749.256497184
UNIMED INCONFIDENTES COOPERATIVA DE TRABALHO MÃDICO LTDA.,MG,6567778410.09,2788865.5669171973,9669712.265937647
INSTITUIÃÃO BENEFICENTE CEL MASSOT - IBCM,RS,6528367646.37,4517901.485377163,11230256.301870238
ASSOCIAÃÃO DA SANTA CASA SAÃDE DE RIBEIRÃO PRETO,SP,6526656368.87,4276970.097555701,12905897.710361509
CAIXA DE ASSISTÃNCIA DOS EMPREGADOS DO SISTEMA FINANCEIRO BANESTES,ES,6501067387.33,5163675.446648133,14472994.619214274
SELECT OPERADORA DE PLANO DE SAUDE LTDA,GO,6487184166.78,4990141.666753846,16084217.514121026
ASSOCIAÃÃO BENEFICENTE CATÃLICA,MG,6479914443.15,4067742.902165725,10201385.868788393
UNIMED BARBACENA - COOPERATIVA DE TRABALHO MÃDICO LTDA,MG,6468719392.84,3035532.328878461,9061670.05674587
UNIMED ALTO VALE - COOPERATIVA DE TRABALHO MÃDICO,SC,6461173484.78,2682097.7520880033,8005896.823040009
UNIMED DE BARRA MANSA SOC. COOP. SERV.MED.E HOSPIT.,RJ,6407314795.07,3452217.0232058186,10675047.393194033
UNIMED NORTE DO PARANÃ COOPERATIVA REGIONAL DE TRABALHO MÃDICO,PR,6400615149.17,2776839.5441084597,8369998.713786627
POLICLIN SAÃDE S/A.,SP,6304422159.67,4632198.500859662,16371866.013747467
UNIODONTO DE CAMPINAS COOPERATIVA ODONTOLÃGICA,SP,6227838532.41,3767597.418275862,11484461.861697596
UNIMED DE CATALÃO COOPERATIVA DE TRABALHO MÃDICO,GO,6208013085.7,2291625.354632706,7822672.996856913
ASSOCIAÃÃO SÃO FRANCISCO VIDA,SP,6185343946.62,3870678.314530663,13315824.585265469
HOSPITAIS E CLÃNICAS DO PIAUÃ S/S LTDA,PI,6121238916.72,3969675.0432684827,11380986.380064754
FUNDAÃÃO LIBERTAS DE SEGURIDADE SOCIAL,MG,6058512006.37,5448302.164001798,16524331.296291525
CAIXA DE ASSISTÃNCIA Ã SAUDE DOS EMPREGADOS DA CODEVASF - CASEC,DF,6050578815.08,5729714.787007576,16328247.491639782
ESMALE ASSISTENCIA INTERNACIONAL DE SAUDE LTDA.,AL,6049105517.31,4913976.862152722,11225488.541814776
CAIXA DE ASSISTÃNCIA DOS EMPREGADOS DO BANESE,SE,6019710592.64,5280447.888280702,14715598.615118489
UNIMED CENTRO PAULISTA - FEDERAÃÃO INTRAFEDERATIVA DAS COOPERATIVAS MÃDICAS,SP,6013880174.63,3837830.3603254627,10894709.504668472
UNIMED VERTENTE DO CAPARAÃ - COOPERATIVA DE TRABALHO MÃDICO LTDA,MG,5957631054.22,3069361.697176713,10296318.054336768
UNIMED LAVRAS COOPERATIVA DE TRABALHO MÃDICO,MG,5849791198.5199995,2491393.185059625,7353670.543805839
OESTE SAÃDE ASSISTÃNCIA A SAÃDE SUPLEMENTAR S.A,SP,5848593790.34,3994941.113620219,11030644.290800074
FUNDAÃÃO FIAT SAÃDE E BEM ESTAR,MG,5846162645.63,5271562.349531109,11519144.042519197
CAIXA ASSISTENCIAL E BENEFICENTE DOS FUNCIONÃRIOS DA ACARESC,SC,5844144649.08,4794212.181361772,13055921.731831824
UNIMED SUL PAULISTA - COOPERATIVA DE TRABALHO MÃDICO,SP,5810916508.67,1819892.4236360788,6223150.952378616
ELETROS SAÃDE - ASSOCIAÃÃO DE ASSISTÃNCIA Ã SAÃDE,RJ,5782298136.13,4043565.1301608393,11061944.605028627
UNIMED DE GUARATINGUETA-COOPERATIVA DE TRABALHO MÃDICO,SP,5780413798.0,2658883.9917203314,7643825.736403824
UNIMED CENTRO SUL FLUMINENSE COOPERATIVA DE TRABALHO MÃDICO,RJ,5761956335.78,2468704.5140445586,7744976.0660904255
UNIMED DE AVARÃ COOPERATIVA DE TRABALHO MÃDICO,SP,5686054339.49,2615480.3769503217,7615553.693686003
PLAMED PLANO DE ASSISTENCIA MEDICA LTDA,SE,5633591845.28,5396160.771340996,12806760.801259147
ASSOCIAÃÃO BENEFICENTE DE ASSISTÃNCIA A SAÃDE DOS JUÃZES DO TRABALHO DA 15Âª REGIÃO (ABAS 15),SP,5598709030.71,5819863.857286902,15409988.19585754
UNIMED CABO FRIO COOPERATIVA TRABALHO MÃDICO LTDA.,RJ,5589517931.06,2805982.897118474,7696399.6679641465
PRONTOMED PLANOS DE SAÃDE LTDA,MG,5587018797.55,3656425.9146269634,10739423.147510132
HOSPITAL CESAR LEITE,MG,5580312004.56,4332540.37621118,9666664.502715047
PREVIDENT ASSISTÃNCIA ODONTOLÃGICA S.A,SP,5578310763.56,5189126.291683721,12162231.026875377
CAIXA DE ASSISTÃNCIA DOS MAGISTRADOS DE PERNAMBUCO,PE,5557523708.52,3434810.6974783684,11740152.03624057
ODONTO EMPRESAS CONVENIOS DENTARIOS LTDA.,SP,5534945398.42,4767394.830680448,12252958.15221475
UNIMED VILHENA - COOPERATIVA DE TRABALHO MEDICO LTDA,RO,5503532348.37,2802205.880025458,7219862.135073342
SAÃDE SANTA TEREZA LTDA.,SP,5475171396.93,3647682.4763024654,10502819.729365975
UNIMED VIÃOSA - COOPERATIVA DE TRABALHO MÃDICO,MG,5472141771.03,2723813.7237580884,8436124.130482852
UNIMED OESTE DO PARANA - COOPERATIVA DE TRABALHO MEDICO,PR,5464828960.52,2407413.638995595,8258822.401680489
UNIMED ALFENAS COOPERATIVA DE TRABALHO MEDICO,MG,5462238932.15,2669715.9981182795,8219001.15211125
SISTEMAS E PLANOS DE SAÃDE LTDA.,SP,5384305533.78,3261238.9665536038,9465322.685287336
UNIMED REGIONAL DE TRES LAGOAS COOPERATIVA DE TRABALHO MÃDICO,MS,5345866812.12,2675609.015075075,7650955.7387937745
SULMED - ASSISTÃNCIA MÃDICA LTDA,RS,5340714990.83,3064093.511663798,9544922.381423997
CENTRO HOSPITALAR ATIBAIA LTDA.,SP,5333172358.79,4325362.8214030815,13100840.716125345
UNIMED OS BANDEIRANTES COOPERATIVA DE TRABALHO MÃDICO,SP,5317040759.24,2262570.5358468085,7180472.885486786
UNIMED FEDERAÃAO DO ESTADO DO MATO GROSSO,MT,5310241162.69,6160372.578526681,15909303.16624866
CAIXA DE ASSISTÃNCIA DOS SERVIDORES FAZENDÃRIOS ESTADUAIS,CE,5305483071.69,3906835.8407142856,12213561.250976933
UNIMED MARQUES DE VALENÃA COOPERATIVA DE TRABALHO MÃDICO LTDA.,RJ,5290804339.7,2967360.818676388,8323329.207086884
ASSOCIAÃÃO SANTA CASA SAÃDE DE ARAÃATUBA,SP,5284229991.75,3522819.9945,10083247.229606098
UNIMED NORTE PIONEIRO - COOPERATIVA DE TRABALHO MÃDICO,PR,5281887513.63,2327848.177007492,7141578.142066015
PARANA ASSISTENCIA MEDICA LTDA,PR,5242165420.8,2998950.4695652174,8784868.423755761
UNIMED DE CAPIVARI -COOPERATIVA DE TRABALHO MÃDICO,SP,5187005999.93,1700657.7048950822,5573959.379464043
CAIXA DE ASSISTÃNCIA AOS MEMBROS DA DEFENSORIA PÃBLICA DO ESTADO DO RIO DE JANEIRO,RJ,5176291592.65,3903688.9838989438,11810271.75126134
UNIMED MURIAÃ COOPERATIVA DE TRABALHO MEDICO LTDA,MG,5162928345.03,3372258.879836708,8836511.495430136
UNIMED DE UBA COOPERATIVA DE TRABALHO MEDICO,MG,5119405361.19,2566117.975533834,7289047.557353828
UNIMED ALTA MOGIANA COOPERATIVA DE TRABALHO MÃDICO,SP,5115209862.28,2148345.175254095,6895488.923683715
UNIMED EXTREMO OESTE CATARINENSE COOPERATIVA DE TRABALHO MÃDICO,SC,5099491229.51,2154411.16582594,6697328.49849201
UNIMED ITUIUTABA COOPERATIVA TRABALHO MÃDICO LTDA.,MG,5075614243.59,2411218.167976247,7390935.834411197
UNIMED NOROESTE DO PARANÃ COOP DE TRABALHO MÃDICO .,PR,5067630271.09,2206195.1550239446,7090418.198761331
UNIMED GUAXUPÃ COOPERATIVA DE TRABALHO MEDICO,MG,4970131870.22,2303119.495004634,6533681.60911746
ASSISTÃNCIA MÃDICA SÃO MIGUEL LTDA,SP,4967616528.51,3970916.489616307,11807384.414149197
SANTA CASA DA MISERICÃRDIA DE SÃO JOÃO DEL REI,MG,4951873119.64,4873890.865787402,11325403.597155882
UNIMED PATROCÃNIO COOPERATIVA DE TRABALHO MÃDICO LTDA.,MG,4904692511.2,2823657.173978123,7417418.5078899115
UNIMED COSTA VERDE RJ,RJ,4833080006.69,2620976.142456616,6940812.337151867
UNIMED TRÃS CORAÃÃES COOPERATIVA DE TRABALHO MÃDICO LTDA.,MG,4758199756.73,2205934.0550440424,6001083.3166440865
SANTA CASA DE MAUÃ SAÃDE,SP,4679800632.38,5153965.454162995,13900627.684929835
CAIXA DE ASSISTÃNCIA Ã SAÃDE DO SINDICATO DOS FUNCIONÃRIOS INTEGRANTES DO GRUPO OCUPACIONAL ADMINISTRAÃÃO TRIBUTÃRIA DO ESTADO DE PERNAMBUCO,PE,4658471493.62,3420316.808825257,9979264.948471276
OPERADORA UNICENTRAL DE PLANOS DE SAÃDE LTDA.,SP,4655437915.53,3508242.5889449883,9865332.603479689
TEMPO MED PLANO DE SAUDE LTDA,SC,4523227246.32,3318581.985561262,9209262.456169626
UNIMED DE BARRETOS COOPERATIVA DE TRABALHO MÃDICO,SP,4497959632.91,2762874.4673894346,7267013.027915245
GARANTIA DE SAÃDE LTDA,SP,4487919902.96,3349193.957432836,10005238.971184896
UNIMED NOROESTE DE MINAS COOPERATIVA DE TRABALHO MEDICO LTDA,MG,4443303785.96,2231694.518312406,7956171.573946661
UNIMED DE SAO JOSÃ DO RIO PARDO-COOP. DE TRAB. MÃDICO,SP,4432537137.9800005,2512776.1553174607,7131980.321474678
UNIMED SÃO SEBASTIÃO DO PARAÃSO COOPERATIVA DE TRABALHO MÃDICO,MG,4425765580.36,2397489.480151679,6722033.092983338
UNIMED GURUPI COOPERATIVA DE TRABALHO MÃDICO,TO,4400932618.77,1580227.15216158,4933426.591730468
UNIMED DE LENÃOIS PAULISTA - COOPERATIVA DE TRABALHO MÃDICO,SP,4371617166.95,1978107.3153619908,6525290.333049471
ASSOCIAÃÃO MAIS SAÃDE SANTA CASA DE SÃO JOÃO DA BOA VISTA,SP,4363641019.52,3189796.0669005853,8921793.344015993
BRASILDENTAL OPERADORA DE PLANOS ODONTOLÃGICOS S.A.,SP,4356425674.42,3105078.8841197435,9483159.542803057
UNIMED DE IBITINGA COOPERATIVA DE TRABALHO MÃDICO,SP,4353299406.78,2209796.653187817,6653440.866800548
SANTA CASA DE MISERICÃRDIA DE TUPÃ,SP,4342321125.37,4523251.172260417,9576070.853370145
COOPERATIVA DE TRABALHO MÃDICO DO PLANALTO NORTE DE SANTA CATARINA LTDA,SC,4321902507.91,1863692.3276886588,5991130.9038968375
UNIMED DE LORENA COOPERATIVA DE TRABALHO MÃDICO,SP,4315119128.5,1881866.1703009158,5159958.417306485
UNIMED INTRAFEDERATIVA FEDERAÃÃO REGIONAL SUL DE MINAS,MG,4306143626.37,2687979.791741573,7272353.92767484
UNIMED ARAGUARI COOPERATIVA DE TRABALHO MÃDICO ,MG,4303261828.38,2093026.1811186771,7127017.052788991
UNIMED TRÃS RIOS COOPERATIVA DE TRABALHO MÃDICO,RJ,4237720745.63,2306870.302465977,6780703.599839074
UNIMED PLANALTO CENTRAL/RS - COOPERATIVA DE ASSISTÃNCIA  Ã SAÃDE LTDA.,RS,4212292139.65,1695769.782467794,5651103.083981308
SAMOC S.A. - SOCIEDADE ASSISTENCIAL MÃDICA E ODONTO CIRÃRGICA,RJ,4200164611.85,2774217.048778071,8314905.164590669
CAIXA DE ASSISTÃNCIA DOS FUNCIONÃRIOS DO BANCO DA AMAZÃNIA - CASF,PA,4168057317.63,2670119.9984817426,7548836.411047049
ASSOCIAÃÃO POLICIAL DE ASSISTÃNCIA Ã SAÃDE,SP,4133732445.4,1330029.7443371944,4037385.1931364536
IRMANDADE DE MISERICÃRDIA DO HOSPITAL DA SANTA CASA DE MONTE ALTO,SP,4113916570.25,2831325.9258430833,6845330.369474722
UNIODONTO DE SÃO JOSÃ DOS CAMPOS COOPERATIVA DE TRABALHO ODONTOLÃGICO,SP,4072073430.03,2749543.16679946,6639592.44711474
"UNIMED VALE DAS ANTAS, RS - COOPERATIVA DE ASSISTÃNCIA Ã SAÃDE LTDA.",RS,4056712662.59,1476779.2728758645,5077126.09797825
SAÃDE BRASIL ASSISTÃNCIA MÃDICA LTDA.,SP,4048875463.05,4123091.1029022406,8585612.6400538
CAIXA ASSISTENCIAL UNIVERSITÃRIA DO RIO GRANDE DO NORTE,RN,4019133684.56,2988203.482944238,8861581.170467256
UNIMED DE BIRIGUI - COOPERATIVA DE TRABALHO MÃDICO,SP,4010498859.25,1666874.006338321,5226590.440282934
BENEVIX ADMINISTRADORA DE BENEFÃCIOS LTDA,ES,3988001302.12,2967262.8736011903,7102939.331333658
LEADER ASSISTÃNCIA MÃDICA E HOSPITALAR LTDA.,SP,3940672500.97,3546959.9468676867,9160905.45790363
SANTA CASA DE MISERICORDIA HOSPITAL SÃO VICENTE,SP,3906239358.44,3046988.579126365,7081999.408943825
UNIMED DE TAUBATÃ COOPERATIVA DE TRABALHO MÃDICO,SP,3906149948.45,1635741.1844430484,4873180.063781338
IRMANDADE DE MISERICORDIA DE PORTO FERREIRA,SP,3890971494.77,2945474.257963664,6890255.336927749
UNIMED NORTE PAULISTA - COOPERATIVA DE TRABALHO MÃDICO,SP,3871348929.14,1752534.5989769127,5562175.47088852
UNIMED DE MINEIROS COOPERATIVA DE TRABALHO MÃDICO ,GO,3849345608.93,1466976.2229153963,5478614.713675806
UNIMED CAÃADOR COOPERATIVA DE TRABALHO MÃDICO DA REGIÃO DO CONTESTADO,SC,3816946104.13,2128804.2967819297,6298376.363155398
GS PLANO GLOBAL DE SAÃDE LTDA,RJ,3814946235.67,2645593.783404993,7118927.184436136
ASSOCIAÃÃO DOS FUNCIONÃRIOS DO FISCO DO ESTADO DE GOIÃS,GO,3656868505.85,2977905.949389251,7320577.634010172
ASSOCIAÃÃO DO PLANO DE SAÃDE DA SANTA CASA DE MISERICÃRDIA DE ITABUNA - PLANSUL,BA,3652577365.77,2548902.5581088625,6873299.75532096
UNIMED VALE DO PIQUIRI-COOPERATIVA DE TRABALHO MÃDICO VALE DO PIQUIRI ,PR,3644002182.51,1582972.2773718506,5105741.229950882
BEST SENIOR OPERADORA DE SAÃDE LTDA,ES,3618031421.01,2652515.704552786,9269560.9233488
COOPERATIVA DE TRABALHO MEDICO DE ARAGUAÃNA - UNIMED ARAGUAÃNA,TO,3614697669.45,1196127.620598941,4327309.2935467595
UNIMED DO OESTE DA BAHIA COOPERATIVA DE TRABALHO MÃDICO,BA,3591588909.23,2336752.7060702667,7379056.847602118
AMAZÃNIA PLANOS DE SAÃDE LTDA,PA,3576807383.7599998,3112974.2243342036,8099838.20217214
UNIMED REGIÃO DA CAMPANHA/RS - COOPERATIVA DE ASSISTÃNCIA Ã SAÃDE LTDA.,RS,3564410047.48,1224462.4003710065,4086389.680236532
UNIMED TRÃS PONTAS - COOPERATIVA DE TRABALHO MÃDICO,MG,3547375398.86,1597916.8463333333,4747885.597331512
UNIMED DE ANDRADINA - COOPERATIVA DE TRABALHO MÃDICO,SP,3521925695.52,1673123.8458527315,4875679.532403068
ASSOCIAÃÃO SAÃDE SÃO JOSÃ,SC,3518263076.81,2527487.8425359195,6825826.670556322
SANTA CASA DE MISERICÃRDIA E ASILO DOS POBRES DE BATATAIS,SP,3476575165.48,2063249.3563679524,4747213.17244237
MATÃO CLINICAS & AMHMA SAÃDE LTDA,SP,3442101253.21,2290153.8610844975,7002776.596250515
ADVANCE PLANOS DE SAÃDE LTDA,SP,3402759042.79,3008628.6850486295,7498432.8627878865
ASSOCIAÃÃO SÃO LUIZ SAÃDE,SP,3376524911.9900002,3363072.621503984,9337347.159647714
UNIMED CATAGUASES COOPERATIVA DE TRABALHO MÃDICO LTDA,MG,3363334797.22,1457882.4435283917,4360151.0583095215
TERRAMAR ADMINISTRADORA DE PLANO DE SAUDE LTDA,BA,3353431588.52,2538555.3281756244,6099505.457873801
UNIMED DE REGISTRO COOPERATIVA DE TRABALHO MÃDICO,SP,3322061742.55,2319875.518540503,5523026.369682298
CAIXA DE ASSISTÃNCIA DOS EMPREGADOS DO BANEB,BA,3307693605.46,2362638.289614286,6515579.459281407
AMHA SAUDE S/A,SP,3300935297.4,2701256.380851064,7494675.323939261
SÃO DOMINGOS SAÃDE- ASSISTÃNCIA MÃDICA  LTDA,SP,3299198108.69,2014162.4595177046,6188927.14086415
NOVA SAÃDE OPERADORA INTEGRADA DE SAÃDE LTDA,RJ,3289361218.47,3156776.60121881,10260693.410587542
UNIMED DE DRACENA - COOPERATIVA DE TRABALHO MÃDICO,SP,3260814897.18,1378780.0833742071,4035473.6587360944
UNIMED NOROESTE FLUMINENSE - COOPERATIVA DE TRABALHO MÃDICO LTDA,RJ,3241116278.54,2628642.561670722,6515757.070642998
UNIMED CARATINGA - COOPERATIVA DE TRABALHO MÃDICO LTDA,MG,3205777771.28,1690811.0608016879,4923464.429994954
ÃNICA ASSISTENCIA MEDICA LTDA ,SP,3142777798.79,4124380.3133727033,9742530.31007907
UNIMED DE TUPA COOPERATIVA DE TRABALHO MÃDICO,SP,3113322597.98,1111900.92785,3808271.909874061
SBC SAÃDE LTDA.,SP,3096027538.66,2843000.4946372816,6219555.558293458
ASSOCIAÃÃO POLICIAL DE ASSISTÃNCIA Ã SAÃDE DE BAURU,SP,3067955403.06,2265845.940221566,6691902.500073787
UNIMED PONTAL DO TRIÃNGULO - COOPERATIVA DE TRABALHO MÃDICO,MG,3062630479.25,1406812.3469223701,4370727.605690878
CARE PLUS ODONTOLOGIA ASSISTENCIAL LTDA.,SP,3062263027.23,2122150.40002079,6385664.86417075
ASSOCIAÃÃO PARANAENSE DE ASSISTÃNCIA Ã SAUDE DOS MEMBROS DO MINISTERIO PUBLICO DO PARANÃ,PR,3045556964.4900002,3687114.969116223,9213134.51647151
PLADISA PLANOS DE SAÃDE SA,SC,3036118637.85,1993511.9092908732,6486716.481668579
UNIMED REGIÃO DA PRODUÃÃO/RS - COOPERATIVA DE ASSISTÃNCIA Ã SAÃDE LTDA,RS,3026590838.72,1146001.8321544868,3619502.2593940874
ASSOCIAÃÃO DE SAÃDE DO VALE,SC,3020810357.99,2336280.245931941,7254719.0688227555
PRONTOCLINICA E HOSPITAIS SAO LUCAS S/A,MG,2990444951.35,1574747.209768299,4117654.294715425
VITA ASSISTÃNCIA A SAÃDE LTDA.,MG,2952149823.76,1977327.4104219694,5831622.844832893
UNIMED SUDOESTE PAULISTA COOPERATIVA DE TRABALHO MÃDICO,SP,2950967630.11,1677639.3576520751,4200056.514967102
ASSOCIAÃÃO DOS AUDITORES FISCAIS DO ESTADO DA PARAÃBA - AFRAFEP,PB,2914159527.79,1985122.2941348774,6057461.842153891
UNITY SERVIÃOS INTEGRADOS DE SAÃDE LTDA.,DF,2888913538.65,2223951.9158198615,7333097.236613217
PLANO DE SAUDE ASES LTDA.,RJ,2867357342.61,1853495.3733742728,6066309.324709276
ASSOCIAÃÃO SAÃDE CONCEIÃÃO,SC,2837628026.41,2192911.921491499,5933753.320973229
ASSOCIAÃÃO FCA SAÃDE,MG,2834757268.86,2627207.8488044487,6198708.47275658
UNIMED PATOS - COOPERATIVA DE TRABALHO MÃDICO,PB,2788683469.72,1874115.2350268816,5776553.558625945
ASSOCIAÃÃO DE SAÃDE DOS FORNECEDORES DE CANA DE PIRACICABA E REGIÃO,SP,2763900395.82,2295598.335398671,7773202.658684295
UNIMED DE BATATAIS - COOPERATIVA DE TRABALHO MÃDICO,SP,2757112327.24,1534286.2143795213,4360012.57092143
ODONTO SEG OPERADORA DE PLANOS ODONTOLOGICOS S.A.,SP,2707837181.56,3130447.608739884,6660092.39880702
UNIMED VALE DO JAURU COOPERATIVA DE TRABALHO MÃDICO,MT,2699394045.16,1152602.0688129803,4242321.792645697
ATÃVIA SERVIÃOS DE SAÃDE S/A,SP,2685700346.46,2374624.532679045,5734500.328333253
UNIODONTO PORTO ALEGRE COOPERATIVA ODONTOLOGICA LTDA,RS,2668867195.33,2468887.322229417,4642719.004741536
UNIMED DE JATAÃ COOPERATIVA DE TRABALHO MÃDICO LTDA.,GO,2661972045.05,1167019.7479395003,3262259.9921117923
DESBAN - FUNDAÃÃO BDMG DE SEGURIDADE SOCIAL,MG,2617792902.42,2322797.606406389,6347652.04941546
IRMANDADE DA SANTA CASA DE MISERICÃRDIA E MATERNIDADE DONA ZILDA SALVAGNI,SP,2602108971.74,3901212.8511844072,7748546.91956597
ALLCARE ADMINISTRADORA DE BENEFÃCIOS EM SAÃDE LTDA.,DF,2591090986.95,2303191.9883999997,6062152.867615721
AMPARA ASSISTÃNCIA MÃDICA PARAÃSO LTDA,MG,2577060265.41,1588816.4398335388,4351321.305640462
UNIODONTO DE SC COOPERATIVA ADMINISTRADORA DE CONTRATOS,SC,2566891571.4,1309638.5568367348,4952697.866164178
ANAFE SAUDE,GO,2526852205.9900002,2696747.284941302,7774443.275577208
UNIMED REGIÃO DA FRONTEIRA - RS COOPERATIVA DE ASSISTÃNCIA Ã SAÃDE LTDA.,RS,2513709042.3,1209677.1137151108,3267928.432410816
NACIONAL ODONTO OPERADORA DE PLANOS ODONTOLÃGICOS LTDA.,PE,2510453143.15,2113176.046422559,5237528.942825852
UNIMED DE PIRASSUNUNGA COOPERATIVA DE TRABALHO MÃDICO,SP,2505298756.13,1528553.237419158,4363095.391056803
ASSOCIAÃÃO POLICIAL DE ASSISTÃNCIA A SAÃDE DA BAIXADA SANTISTA,SP,2499950169.68,2210389.1862776303,5049170.409207947
UNIMED DE MOCOCA COOPERATIVA DE TRAB. MÃDICO,SP,2420867735.75,1061318.6040113985,3642140.0077567934
UNIMED MACHADO COOPERATIVA DE TRABALHO MEDICO,MG,2345209756.13,1073322.5428512585,3005966.4765588692
ASSOCIAÃAO UNISAUDE MARAU,RS,2327301663.97,2532428.361229597,6976669.407069
ASSOCIAÃÃO VALEPARAIBANA DE ASSISTÃNCIA MÃDICA POLICIAL,SP,2318714148.24,2325691.2219057167,5799834.261025191
POLI SAUDE OPERADORA DE PLANO DE SAUDE LTDA,PR,2280001371.25,1806657.1879952457,4923345.013481915
VIVENTERIS LTDA,PR,2271230092.5,1801134.0939730373,4694167.678029912
UNIMED DE ADAMANTINA-COOPERATIVA DE TRABALHO MÃDICO,SP,2268933700.9,1005287.4173238813,3412003.969775541
OPERADORA DE PLANOS PRIVADOS DE SAÃDE - SANTA CASA SAÃDE LTDA,MS,2266852530.53,1884332.9430839568,5230849.847431962
FEDERAÃÃO DAS COOP ODONTOLÃGICAS DO ESTADO DE SANTA CATARINA,SC,2263225482.86,1234037.8859651037,4214569.4291407745
ASSOCIAÃÃO FUNDO DE PROTEÃÃO Ã SAÃDE,PR,2223182768.98,2097342.2348867925,5819872.492981628
SANTA CASA DE SAÃDE - SCS,ES,2216436262.24,1730239.0805932863,4905274.850889629
INTERMEDICI PIRACICABA ASSISTENCIA MEDICA LTDA,SP,2207047263.8,1435011.2248374515,4653212.381009921
ASSOCIAÃÃO POLICIAL DE ASSISTÃNCIA Ã SAÃDE DE RIBEIRÃO PRETO (APAS),SP,2196244118.66,2113805.696496631,5298274.274449849
UNIODONTO DE FORTALEZA COOPERATIVA DE TRABALHO ODONTOLOGICO LTDA,CE,2192620620.94,1406427.5952148815,4111835.5827544495
PB ASSISTENCIA MEDICA EU LTDA,BA,2189344776.16,1946084.2454755553,4773289.451809283
UNIODONTO REGIONAL COOPERATIVA ODONTOLOGICA,MG,2189103487.13,1362229.9235407594,3549805.6792207398
QV BENEFÃCIOS EM SAÃDE LTDA,RJ,2160156323.7,1627849.5280331573,4073673.6588796517
ASSOCIAÃÃO SANTA CASA CLÃNICAS DE BIRIGUI,SP,2121870502.46,1688043.3591567224,5295001.020357793
UNIMED DE MONTE ALTO - COOPERATIVA DE TRABALHO MÃDICO,SP,2105414776.1299999,1368930.2835695709,3549479.6634473735
UNIX SAÃDE S.A,BA,2068019227.54,1549078.0730636704,3962942.0913683637
UNIMED LEOPOLDINA COOPERATIVA DE TRABALHO MÃDICO LTDA,MG,2066941221.96,1198226.7953391306,3492596.284714831
CORPORE ADMINISTRADORA DE BENEFICIOS DA SAUDE LTDA,SP,2056467520.13,1501071.1825766424,4267250.053912164
COOPERATIVA DOS USUÃRIOS DE SERVIÃOS DE SAÃDE DO VALE DO RIO DOS SINOS LTDA,RS,2048250932.94,1961926.1809770116,5296134.55111886
UNIMED FRUTAL COOPERATIVA DE TRABALHO MEDICO LTDA,MG,2046358884.45,839015.5327798278,2877113.98581584
ASSOCIAÃÃO PLANO DE SAÃDE SANTA CASA DE VALINHOS,SP,2042530186.42,1649862.8323263328,4398608.080740266
ASSOCIACAO DOS PROFESSORES UNIVERSITÃRIOS DA BAHIA,BA,2032685167.58,1752314.799637931,4799201.575061917
UNIBEN ADMINISTRADORA DE BENEFÃCIOS LTDA,MG,2032405201.1399999,1862882.8608065993,4813944.524938312
ZURICH SANTANDER BRASIL ODONTO LTDA.,SP,2026998615.79,2904009.478209169,9191935.418094343
G2C ADMINISTRADORA DE BENEFICIOS LTDA - ME,RJ,1987008278.12,3052240.0585560673,6188879.558629839
PLAMER PLANO MEDICO RESENDE LTDA,RJ,1966328138.48,1712829.3889198606,4128818.801121432
UNIODONTO BELÃM - COOPERATIVA DE ASSISTÃNCIA Ã SAÃDE ODONTOLÃGICA,PA,1961162993.02,1228798.8678070176,3639966.1932937955
UNIMED VALE DO CARANGOLA COOPERATIVA DE TRABALHO MEDICO LTDA,MG,1946798636.68,1252766.1754697554,3201682.3939776826
UNIMED CACERES COOPERATIVA DE TRABALHO MÃDICO ,MT,1940108189.71,728815.9991397446,2305729.4949198156
TRINO - ALIANCA FILANTRÃPICA DE ASSISTÃNCIA E INTEGRAÃÃO PARA O DESENVOLVIMENTO DA SAUDE,ES,1896916988.44,1896916.98844,4945703.50550645
UNIODONTO GOIANIA COOPERATIVA DE CIRURGIÃES DENTISTAS,GO,1885564402.23,1176272.2409419839,3301239.38463441
CAIXA DE ASSISTÃNCIA DO SINDFISCO - CASSIND,SE,1861741657.06,1649018.2967759077,5109687.142952959
UNIMED DE PENAPOLIS - COOPERATIVA DE TRABALHO MEDICO,SP,1855331109.43,823859.2848268206,2201103.4912463184
UNIMED ALTO JACUÃ/RS - COOPERATIVA DE ASSISTÃNCIA Ã SAÃDE LTDA,RS,1852366804.28,902712.867582846,2290920.5376374386
UNIMED VALE DO CORUMBÃ COOPERATIVA DE TRABALHO MEDICO,GO,1826890412.21,1121479.688281154,3371472.154539461
UNIODONTO PIRACICABA - COOPERATIVA ODONTOLÃGICA,SP,1813284997.34,1180524.0868098957,2964026.891823407
HOSPITAL DE PRONTOCLINICA LTDA.,RS,1795340798.81,1400421.8399453978,3453704.995069741
ASSOCIAÃÃO GOIANA DO MINISTÃRIO PÃBLICO,GO,1794311016.02,1880829.1572536686,4580963.531436529
PLANO ODONTOLÃGICO DENTALVIDAS LTDA.,SP,1793851388.32,1969101.4141822173,6200919.97737501
ASSOCIAÃÃO DOS EMPREGADOS DA COMPANHIA ESTADUAL DE HABITAÃÃO E OBRAS PÃBLICAS - ASSEC,SE,1759176441.73,2059925.575796253,5001410.686090213
ON MED ASSISTÃNCIA MÃDICA LTDA,RS,1759028476.25,1471990.3566945607,3573441.0659640688
UNIODONTO/RN - COOPERATIVA ODONTOLOGICA DO RIO GRANDE DO NORTE,RN,1753014351.3,1196596.8268259384,3429878.464725987
SF SISTEMAS DE SAÃDE LTDA,SP,1743899177.1200001,1824162.31916318,4879001.95725416
MAIS SAÃDE PLANO DE SAÃDE LTDA,GO,1708851507.13,1982426.3423781905,6509982.878001096
PORTOMED - PORTO SEGURO SERVIÃOS DE SAUDE LTDA,SP,1699178768.5,1821199.108788853,5446762.8120546285
EXTRAMED ADMINISTRAÃÃO E SERVIÃOS MÃDICOS LTDA,PR,1694643765.88,1535003.4111231884,3257379.6000108584
UNIMED SOUSA - COOPERATIVA DE TRABALHO MÃDICO,PB,1694255289.0,1291353.1166158537,3063758.335924296
UP HEALTH ADMINISTRADORA DE BENEFÃCIOS S/A,ES,1691585904.27,1467117.0028360798,3717231.8183492674
VIDA TOP MAIS SAÃDE OPERADORA DE PLANOS DE SAÃDE LTDA.,SP,1690178014.6,1115629.052541254,3331919.988664462
SOCIEDADE BENEFICENTE DEZOITO DE JULHO,MG,1686840209.87,1658643.274208456,4297704.99661272
AMEP FREGUESIA OPERADORA DE PLANO DE SAUDE LTDA,RJ,1685063672.78,1307264.2923041116,4470446.631507854
UNIMED REGIONAL DE PICOS - COOPERATIVA DE TRABALHO MÃDICO,PI,1682119978.81,1558961.9822150138,3876434.024633034
MEDIATORIE ADMINISTRADORA DE BENEFÃCIOS S/A,ES,1675542527.86,1375650.6796880132,3766770.82729033
SEMPRE ODONTO PLANOS ODONTOLOGICOS LTDA,RJ,1670954788.54,1328262.9479650238,3836121.311255791
UNIMED CALDAS NOVAS - COOPERATIVA DE TRABALHO MEDICO,GO,1666760215.92,1008934.7553995157,2872251.1758910813
UNIMED MORRINHOS COOPERATIVA DE TRABALHO MEDICO,GO,1619709792.14,1037610.3729276105,2570596.9325628835
UNIMED REGIONAL DE FLORIANO - COOPERATIVA DE TRABALHO MÃDICO,PI,1594483455.96,1266468.1937728357,3240216.4621664565
UNIMED DE CORUMBA COOPERATIVA DE TRABALHO MÃDICO,MS,1563252852.7,988774.7328905757,2459536.7543003648
ASSOCIAÃÃO DOS AUDITORES FISCAIS DA RECEITA ESTADUAL DO RIO DE JANEIRO,RJ,1553111162.61,1611111.1645331949,3806104.185401199
SUL DO PARÃ LTDA,PA,1526068530.47,1284569.4700925925,3217794.1244607884
SV SAUDE ADMINSTRADORES DE PLANO DE SAUDE LTDA,RJ,1521143155.24,1112760.1720848572,3422812.0150975506
FUNDAÃÃO DE ASSISTÃNCIA Ã SAÃDE DA ASSOCIAÃÃO DO MINISTÃRIO PÃBLICO DO RIO GRANDE DO SUL,RS,1513913808.46,3180491.1942436974,6067693.451486219
AURORA SAÃDE LTDA,MG,1500182242.65,1135641.364610144,3055327.8067047563
FILOSANITAS SAUDE LTDA,SP,1490296995.31,1264034.771255301,3541799.280323127
RESOLVE ADMINISTRADORA DE BENEFÃCIOS LTDA,PI,1487116487.74,2429928.901535948,5224336.935348205
COOPERATIVA DOS USUÃRIOS DE SERVIÃOS DE SAÃDE LTDA.,RS,1463334796.78,1324284.883963801,3553479.889251642
CENTRAL OPERADORA DE PLANOS DE SAÃDE NORTE-NORDESTE LTDA,PB,1455657823.8,2041595.8258064515,5102095.5444656545
PLANO ASSISTENCIAL SÃO LUCAS LTDA,MG,1432786691.0,986767.6935261708,2480344.742495839
UNICONSULT - ADMINISTRADORA DE BENEFICIOS E SERVICOS LTDA,SP,1423153775.08,1118831.5841823898,2659417.177879534
EVANGELICO SAUDE LTDA.,PR,1413631589.02,900402.286,2685975.891599598
ASSOCIAÃÃO POLICIAL DE ASSISTÃNCIA Ã SAÃDE DE ARAÃATUBA (APAS),SP,1411305272.6,1341544.935931559,3557620.661683425
MAIS SAUDE S/A,ES,1409953254.06,1824001.62232859,4454302.3870467665
FUNDAÃÃO PLAMHUV - PLANO MÃDICO HOSPITALAR DOS HOSPITAIS UNIDOS DE VIÃOSA,MG,1400073260.51,1095518.9831846636,3298819.025905842
RIO DOCE SAÃDE,ES,1399868999.95,1153104.6128088962,2911164.5041121966
UNIODONTO MACEIÃ COOPERATIVA ODONTOLÃGICA,AL,1389885863.22,1104837.729109698,2890175.9856956084
ASSOCIAÃÃO POLICIAL DE ASSISTÃNCIA A SAÃDE,SP,1388335388.11,1470694.2670656778,4054916.5378859784
TECBEN ADMINISTRADORA DE BENEFICIOS LTDA.,SP,1379695478.53,1634710.2826184833,3780830.106274793
UNIMED CAMPO BELO- COOPERATIVA DE TRABALHO MÃDICO,MG,1371143398.28,678112.462057369,1871076.9075689442
PESSOAL SAÃDE PLANOS DE ASSISTÃNCIA MÃDICA LTDA,SP,1353298622.05,1207224.462132025,3519792.3164956816
ASSOCIAÃÃO DO FISCO DE ALAGOAS,AL,1332620328.29,1091417.1402866503,2705200.3871338298
UNIVIDA USA OPERADORA EM SAUDE S/A,SP,1327248733.7,2494828.4468045114,4811030.907706332
UNIODONTO DO BRASIL CENTRAL NACIONAL DAS COOPERATIVAS ODONTÃLOGICAS,SP,1326228696.65,956874.9615079366,2381515.2734338725
FUNDACAO CAPITAL PREVIDENCIA E SAUDE - CAPITAL PREV,ES,1296441508.07,1841536.2330539771,4577453.036357417
VIDAMAX ADMINISTRADORA DE BENEFÃCIOS LTDA,SP,1292819450.49,1119324.1995584415,2721946.0249672327
UNIDENTIS ASSISTENCIA ODONTOLOGICA LTDA.,PB,1288965692.72,1449905.1661642294,3467232.762855575
AME VVIDA PLANOS DE SAUDE INTEGRADO LTDA.,RO,1278898693.04,1436964.8236404494,3505274.098486155
SAMIG - SERV. DE ASSISTENCIA MEDICA DA ILHA DO GOVERNADOR LTDA,RJ,1265019520.32,1039457.2886770747,2099182.277807856
UNIMED SÃO JOÃO NEPOMUCENO COOPERATIVA DE TRABALHO MÃDICO LTDA.,MG,1228894312.68,869090.7444695899,2266287.8265765347
ODONTOART PLANOS ODONTOLÃGICOS LTDA,CE,1203289003.6,879597.2248538011,2388435.012107404
UNIODONTO DE JOÃO PESSOA COOPERATIVA ODONTOLÃGICA,PB,1197766713.13,851896.6665220484,2239538.1026418516
UNIODONTO PAULISTA-FEDERAÃÃO DAS COOPERATIVAS ODONTOLÃGICAS DO ESTADO DE SÃO PAULO,SP,1196129583.31,798484.3680307076,2208473.0737559474
FUNASA SAÃDE,PB,1191267448.27,1110221.2938210624,2712364.1346266507
UNIMED PONTE NOVA COOPERATIVA DE TRABALHO MEDICO LTDA,MG,1188174027.21,694432.5115195792,1816289.6165154094
AME-ASSISTÃNCIA MÃDICA A EMPRESAS LTDA,MG,1160546242.39,946611.9432218598,2040643.787873514
UNIODONTO DO SUL GOIANO COOPERATIVA ODONTOLOGICA,GO,1131749472.32,1084051.2186973179,2433909.307993104
PRIMA VIDA ODONTOLOGIA DE GRUPO LIMITADA,RJ,1115617813.09,1053463.468451369,2481008.902046543
ASSOCIAÃÃO DOS FUNCIONÃRIOS FISCAIS DO ESTADO DO AMAZONAS - AFFEAM,AM,1103426706.0,864077.2952231793,2267863.0308574755
ASSOCIAÃÃO SAÃDE RURAL ALEGRETE,RS,1088279843.43,1248027.3433830277,3585533.7307990314
MEDGOLD ASSISTENCIA MEDICA LTDA - ME,MG,1075187636.76,770191.7168767909,1839476.9741785387
ODONTOGROUP SISTEMA DE SAÃDE LTDA.,DF,1069506688.23,772206.9951119134,2300359.662924343
XP ADMINISTRADORA DE BENEFÃCIOS LTDA.,SP,1054309397.84,2015887.9499808797,4276509.844315288
LANCERS ADMINISTRADORA DE BENEFÃCIOS DE SAÃDE LTDA.,SP,1042650568.37,812666.070436477,2103373.5019203997
CAMIM OPERADORA DE PLANO DE SAÃDE LTDA,RJ,1010565891.71,1150986.2092369022,2588539.6983580887
DENTALPAR ASSISTÃNCIA ODONTOLÃGICA EMPRESARIAL LTDA.,SP,1003937141.34,803792.7472698159,1908945.278742937
ATITUDE SAÃDE ASSISTÃNCIA MEDICA LTDA,BA,967727524.62,1323840.6629548564,2672072.616791415
CAIXA ASSISTENCIAL UNIVERSITARIA DO RIO DE JANEIRO,RJ,955769447.86,894078.0616089804,2330419.5334687275
ASSOCIACAO POLICIAL DE ASSISTENCIA A SAUDE DE PRESIDENTE PRUDENTE (APAS),SP,953923674.36,811849.935625532,2288080.109304182
CONFIANÃA ASSISTÃNCIA MÃDICO HOSPITALAR LTDA,MG,924112417.3,820703.7453818828,1820271.608948284
SERVDONTO - PLANO DE ASSISTÃNCIA ODONTOLÃGICA LTDA,SE,917214331.98,755530.7512191104,2064554.3461392885
CEAM BRASIL - PLANOS DE SAÃDE LTDA,MG,900829722.16,1794481.5182470118,4485274.6619265005
ASSOCIAÃÃO DOS FISCAIS DE TRIBUTOS ESTADUAIS DO RS - AFISVEC,RS,880572266.7,1052057.6663082438,2213603.174272632
UNIODONTO DE JUNDIAÃ COOPERATIVA ODONTOLÃGICA,SP,879890210.06,603491.2277503429,1450301.7218295422
FUNDO DE ASSISTÃNCIA MÃDICO-HOSPITALAR DO MINISTÃRIO PÃBLICO,MS,876369180.41,1053328.3418389424,2172874.813508248
UNIMED VALE DO PARAÃBA - FEDERAÃÃO INTRAFEDERATIVA DAS COOPERATIVAS MÃDICAS,SP,872540253.4,592355.9086218601,1680855.488039639
ORALE ASSISTÃNCIA ODONTOLÃGICA LTDA,BA,871394931.73,767073.0032834507,1948174.3122621796
SEPACO SAÃDE LTDA,SP,859433929.49,1320175.0068970814,2945033.285149171
MUITO MAIS SAÃDE ADMINISTRADORA DE BENEFÃCIOS,RJ,855347313.91,1581048.6393900185,4838358.483139712
UNIODONTO DE MANAUS - COOPERATIVA ODONTOLÃGICA LTDA.,AM,841673099.57,583280.0412820514,1576878.6130766969
ASSOCIACAO POLICIAL DE ASSISTENCIA A SAUDE DE ITAPETININGA,SP,836496822.04,831507.7753876739,2203484.589272457
OPLAN SAÃDE OPERADORA DE PLANO DE SAÃDE LTDA,RJ,823718131.18,590902.5331276901,1708498.5915761588
ASSOCIACAO DE SAUDE HOLAMBRA,SP,817084107.52,1003788.8298771499,2321078.504671088
PLATINUM ADMINISTRADORA DE BENEFICIOS,DF,808598589.47,698875.1853673293,1845197.099389292
SISTEMA TOTAL DE SAÃDE LTDA.,SP,805372102.08,661225.0427586207,1673022.2764933535
MEDHEALTH PLANOS DE SAÃDE LTDA,PR,799326017.35,782119.3907534247,1956199.3117328645
SD-M OPERADORA DE PLANOS DE SAUDE LTDA,RJ,798668718.22,1174512.8209117646,2409502.0761771956
AESP ODONTO ASSISTÃNCIA ODONTOLÃGICA S/S LTDA EPP,SP,786793361.65,987193.6783563362,2419987.0432552965
S1 OPERADORA DE PLANO DE SAÃDE LTDA,DF,778815933.43,836536.9854242749,1821613.544721759
CAIXA BENEFICENTE DOS FUNCIONÃRIOS DO GRUPO IGUAÃU,PR,776018493.9,773697.4016949153,2165373.0675580287
R.M.I. OPERADORA DE SAÃDE INTEGRADA LTDA,SP,771038774.88,1433157.574126394,3264416.8490830804
UNIMED CAJAZEIRAS - SOCIEDADE COOPERATIVA DE TRABALHO MÃDICO,PB,768806095.03,697646.1842377495,1658940.1221428653
PRONTO SOCORRO CONDE DE MOREIRA LIMA,SP,766237685.22,524820.3323424658,1330811.6295597078
UNIODONTO UBERABA - COOPERATIVA DE ASSISTÃNCIA Ã SAÃDE ODONTOLÃGICA LTDA,MG,739988497.03,535835.2621506155,1377973.4427553548
"VOCÃ CLUBE DE BENEFÃCIOS SOCIAIS, SAÃDE E ODONTOLÃGICO LTDA",SP,734523857.6,765926.8588112617,1701402.3630318807
ANGELI SISTEMAS DE SAUDE S.A.,PR,732291090.53,711653.1492031098,1640855.1333810538
TELOS - FUNDAÃÃO EMBRATEL DE SEGURIDADE SOCIAL,RJ,725021169.61,936719.857377261,2075557.384072881
FUNDO DE ASSISTÃNCIA Ã SAÃDE DOS FUNCIONÃRIOS DO BEC,CE,695160806.28,719628.1638509317,1971294.2497530505
UNIODONTO DE AMERICANA COOPERATIVA ODONTOLÃGICA,SP,686469647.71,548736.7287849721,1446983.7118781128
UNIMED VALE DO URUCUIA - COOPERATIVA DE TRABALHO MEDICO LTDA,MG,682488101.95,493127.2412933526,1426647.209114464
VOCÃ TOTAL PLANOS DE SAÃDE LIMITADA,SP,667230147.12,736457.1160264901,1642031.1440687266
CEDPLAN SAÃDE LTDA EPP,MG,660227195.49,514195.63511682244,1220011.8061223656
TOTAL ASSISTÃNCIA MÃDICA HOSPITALAR LTDA,MG,659968627.1,805822.4995115995,1987230.556013702
"CAIXA DE ASSISTÃNCIA Ã SAÃDE DOS TRABALHADORES NAS INDÃSTRIAS METALÃRGICAS, MECÃNICAS E DO MATERIAL ELÃTRICO DE BRUSQUE",SC,658096424.29,854670.6808961038,1969903.1717445757
UNIODONTO DE SOROCABA COOPERATIVA ODONTOLÃGICA,SP,654000424.05,460239.5665376495,1191188.7809133749
BLUZZ SAÃDE S/A,ES,652932455.87,615974.0149716982,1946498.5778956476
ASSOCIAÃÃO PADRE PIO PLANOS DE SAÃDE,SP,646078316.47,712324.4944542449,2120421.255822504
SERVIX ADMINISTRADORA DE BENEFÃCIOS LTDA,DF,638698447.83,694992.8703264418,1335009.080848345
CARING SAÃDE ASSISTÃNCIA MÃDICA LTDA.,RJ,636788460.87,809134.0036467599,1464806.3156187527
MEDIC GLOBAL PLANOS DE SAÃDE LTDA.,MG,612327374.62,525152.1223156089,1316545.4210326434
DONA SAÃDE CLINICAS LTDA ,SP,601337268.66,741476.2868803946,1460327.4093544174
ODONT-OPERADORA ODONTOLOGICA LTDA,SP,598878061.71,482188.4554830918,1249337.4979464626
ASSOCIAÃÃO SERVIÃOS ODONTOLÃGICOS DA INDÃSTRIA DE MINAS GERAIS - ODONTOINDUSTRIA,MG,595553146.08,1248539.0903144656,2032775.4682661295
UNIODONTO DE ARARAQUARA COOPERATIVA ODONTOLÃGICA,SP,590231702.57,434633.06522091315,1144574.6160353732
DENTAL GOLD ASSISTÃNCIA ODONTOLÃGICA LTDA.,PB,589119630.31,521344.80558407074,1108515.4724887793
LIVRI OPERADORA DE PLANO DE SAÃDE LTDA,SP,568572565.88,631046.1330521642,1832082.4586412336
ASSOCIAÃÃO UNIVIDA SANTA RITA DO PASSA QUATRO,SP,561212998.86,427428.02654988575,1120554.769969846
DENTAL CENTER LTDA,PB,551332719.3,390185.9301486199,1112734.866867864
NOSAMED ASSISTÃNCIA MÃDICA LTDA.,SP,549903899.01,486210.3439522546,1206940.0544566533
PLAMESC PLANOS DE SAÃDE LTDA,RJ,527836317.72,455031.30837931036,1210371.4391337743
ÃNIX OPERADORA DE PLANOS DE SAÃDE LTDA,RJ,515383999.16,460575.51310098305,1100770.7948231301
PERSONAL CARE OPERADORA DE SAÃDE SA,SP,509642624.03,555166.2571132898,1485714.094263793
COMSEDER - COOPERATIVA DE ASSISTÃNCIA MÃDICA DOS SERVIDORES DA SUPLAN E DO DER LTDA,PB,508008348.77,537574.9722433862,1294852.8153384298
ASSOCIAÃÃO POLICIAL DE ASSISTENCIA Ã SAUDE DE SAO JOAO DA BOA VISTA,SP,505858463.84,586162.7622711471,1477734.1698114986
UNIODONTO MARINGA COOPERATIVA ODONTOLOGICA,PR,501769143.51,381573.4931634981,971059.3766424839
UNIODONTO VALE HISTORICO COOPERATIVA ODONTOLOGICA,SP,500172491.13,416463.35647793504,1044036.5839786779
ASSOCIAÃÃO POLICIAL DE ASSISTÃNCIA Ã SAÃDE DE BARRETOS,SP,498035924.34,702448.4123272214,1500456.2783087916
COOPERATIVA ODONTOLÃGICA DO ESTADO DO AMAPÃ,AP,498012196.36,329155.45033707866,900683.5847918453
HSMED SAUDE LTDA,RJ,497200901.31,469057.4540660377,1014836.7172009386
PLANO VIDA SAUDE SERVIÃOS ODONTOLOGICOS LTDA,SE,495584975.94,456760.34648847923,1131327.2329683173
EVOLUÃÃO ADMINISTRADORA DE BENEFICIOS LTDA ,MG,491466827.09,1047903.6824946695,2047099.983547947
SOCIEDADE DE ASSISTÃNCIA MÃDICA - SAMEISA,RS,486133633.24,620068.409744898,1604248.2478369602
UNIODONTO DE LONDRINA COOP. ODONTOLÃGICA,PR,485143543.26,311989.4168874598,820006.2294807328
PREVENT SENIOR CORPORATE OPERADORA DE SAÃDE LTDA.,SP,480234565.21,767147.8677476038,2655421.761720052
ODILE SERVIÃOS DE SAÃDE LTDA.,SP,473755221.54,746071.215023622,1857830.1586409488
COOPERATIVA ODONTOLÃGICA POÃOS DE CALDAS,MG,473234434.14,342179.6342299349,905010.5008899337
PLANO DE ASSISTÃNCIA MÃDICA MINEIRA LTDA,MG,468234176.28000003,471534.9207250756,1014332.2948091099
HOSPITAL S.P. LTDA.,RS,459237352.1,437368.9067619048,1272543.1190074931
ASSOCIAÃÃO HOSPITAL SAÃDE DE VARGEM GRANDE DO SUL,SP,456989011.6,595037.7755208333,1123911.1019196408
REAL GRANDEZA SAÃDE,RJ,449956704.64,1363505.1655757576,2778443.6472478597
UNIODONTO DE PRESIDENTE PRUDENTE COOPERATIVA ODONTOLOGICA,SP,447100976.4,336166.1476691729,906302.6806247814
ASSOCIAÃÃO POLICIAL DE ASSISTÃNCIA Ã SAÃDE DE JAÃ,SP,436345922.36,447993.7601232033,1059865.2100120075
UNIODONTO RS FEDERACAO DAS UNIODONTOS DO RGS LTDA,RS,434529093.25,352416.13402270887,846013.0262571822
UNIODONTO ESPIRITO SANTO COOPERATIVA ODONTOLOGICA,ES,427039534.95,333104.16142745706,869389.8075257883
DENTAL PLUS CONVÃNIO ODONTOLÃGICO LTDA.,SP,424101599.32,395986.5539869281,925803.0583736892
BCI ADMINISTRADORA DE BENEFÃCIOS LTDA.,SP,415772679.21,564908.531535326,1314027.294117888
SAUDIA ASSISTENCIA MÃDICA LTDA,MG,413158991.2,381847.4964879852,1057377.7166526993
PORTO DIAS SAUDE LTDA.,PA,411347868.3,627054.6772865853,1506526.4139372052
ASSOCIACAO CIVIL PRÃ-SAÃDE DOS SERVIDORES DA UNIVERSIDADE ESTADUAL DE PONTA GROSSA,PR,411071348.62,522991.5376844784,1236072.2616998418
UNIODONTO DE MATO GROSSO COOP TRAB ODONTOLOGICO LTDA,MT,403401091.53,309119.61036781606,717005.1559315415
ASSOCIAÃÃO POLICIAL DE ASSISTÃNCIA Ã SAÃDE DE PRESIDENTE VENCESLAU,SP,402113853.61,392306.19864390243,927841.2248768399
UNIODONTO JACAREÃ COOPERATIVA ODONTOLÃGICA,SP,400148746.0,307570.1352805534,742835.571330988
DENTAL MASTER LTDA - EPP,AL,390925252.03,366034.8801779026,971973.7594046815
SALUPLAN ADMINISTRADORA DE BENEFÃCIOS LTDA,SP,390315836.63,614670.6088661418,1302042.4873147435
QUALITY GOLD SAÃDE ADMINISTRADORA DE PLANOS DE SAÃDE LTDA-ME,RJ,384695798.08,436163.0363718821,1020086.8512519187
ODONTOLIVE OPERADORA DE PLANOS ODONTOLÃGICOS LTDA.,SP,382328907.09,397018.5951090342,960913.5740952976
RODRIGUES LEIRA ODONTOLOGIA LTDA.,SP,381828185.55,325791.9671928328,977169.1489131504
QUALI ADMINISTRADORA DE BENEFÃCIOS S/A,ES,377153029.11,1053500.0813128492,2269389.693796889
PD BRASIL ASSISTENCIA ODONTOLOGICA LTDA,MG,375494565.76,341048.6519164396,950928.0428705222
CASA DE SAÃDE NOSSA SENHORA DE FÃTIMA  LTDA.,CE,375065225.22,573494.2281651377,1171416.70128637
PLENUM ASSISTENCIA MEDICA  LTDA,DF,374439367.77,793303.7452754237,1679383.069053569
EXCELÃNCIA PLANO DE SAÃDE S/A,ES,351292681.83,342390.5280994152,914830.6274057549
A.P.S. ADMINISTRADORA DE BENEFÃCOS LTDA.,SP,350688363.88,442229.96706179064,1104887.3312888741
UNIMED PARAIBA - FEDERAÃAO DAS SOCIEDADES COOPERATIVAS DE TRABALHO MEDICO,PB,350024782.58,444758.30060991104,942487.7122645035
ASSOCIAÃÃO POLICIAL DE ASSISTÃNCIA Ã SAÃDE DE DRACENA,SP,345591742.76,413387.2521052631,876686.6478495061
INTERCLINICAS PLANO VIDA USA OPERADORA DE SAUDE LTDA,SP,343594697.7,740505.8140086207,1215498.877066039
HEALTH-MED SISTEMA DE SAUDE LTDA,RJ,336549167.87,471357.3779691877,1047714.0188907823
BIORAL SISTEMA ODONTOLÃGICO LTDA.,SP,332800347.55,359784.1595135135,1087817.409128678
ASSOCIAÃÃO POLICIAL DE ASSISTÃNCIA Ã SAÃDE APAS,SP,331536013.71,323765.63838867185,763915.1840148238
INNOVA PLANO DE SAUDE LTDA,RO,331201906.87,441602.54249333334,883228.8493161093
MH VIDA - OPERADORA DE PLANOS DE SAÃDE LTDA,RJ,330535937.1,349403.73900634254,767325.5122672409
SORRIDEN CONVÃNIOS ODONTOLÃGICOS S.A.,SP,329720427.94,303330.66047838086,681913.4730947838
BENEFIT ADMINISTRADORA DE BENEFÃCIOS LTDA.,SP,327638119.96,470069.03868005733,998537.3442196689
ARL ADMINISTRADORA DE BENEFÃCIOS LTDA.,SP,325778118.62,384172.3096933962,830918.6265965769
ASSOCIACAO DOS SERVIDORES DA EMDAGRO - ASSEM,SE,324645968.09,616026.504914611,1045438.4245705919
VITTA SAUDE ADMINISTRADORA DE BENEFICIOS LTDA.,SP,323973534.23,636490.2440667977,1930242.2417963536
PLANO DE ASSISTÃNCIA ODONTOLÃGICA FAUCHARD LTDA. ME,BA,323506148.27,319354.53925962484,774366.9907691244
ASSOCIAÃÃO DOS SERVIDORES PÃBLICOS DA ADMINISTRAÃÃO DIRETA DO GOVERNO DO ESTADO DO PARÃ - ASPARÃ,PA,321768840.06,356728.20405764965,903103.8327435568
SALUSMED OPERADORA DE PLANOS DE SAUDE LTDA,SP,316306834.12,331558.5263312369,703952.8845566792
CROWN ODONTOLOGIA DE GRUPO LTDA,SP,315646001.74,240767.35449275363,579339.392608079
CAIXA DE ASSISTÃNCIA DOS EMPREGADOS DO SETOR PÃBLICO DO ESTADO DE GOIÃS - CAEME,GO,313297397.46999997,392603.2549749373,852465.1332808634
VALE PLANOS DE SAÃDE LTDA,PE,312212505.05,355595.1082574032,954309.4114831426
COOPERATIVA DE TRABALHO ODONTOLOGICO - UNIODONTO ITAJUBÃ,MG,307331645.31,250882.9757632653,613546.7947938782
ASSOCIAÃÃO POLICIAL DE ASSISTENCIA A SAUDE DE BOTUCATU,SP,297813492.03,332381.12949776783,714936.8568008889
PLURICLUB ADMINISTRADORA DE BENEFÃCIOS LTDA.,SP,288558219.35,458757.1054848967,859520.0933454108
YOU ASSISTÃNCIA MÃDICA LTDA.,MG,285099996.46,1267111.0953777777,2705874.0977450954
MAXMED ADMINISTRADORA DE BENEFICIOS LTDA,SP,273518379.6,259013.61704545456,640549.4943226334
INFINITY SAÃDE SUPLEMENTAR LTDA,MT,264466813.97,325297.43415744154,758450.3602677528
SISTEMA PREVSAUDE DENTAL LTDA,CE,262279518.55,302165.34395161294,611224.7353678751
ASSOCIAÃÃO POLICIAL DE ASSISTÃNCIA Ã SAÃDE - VALE DO RIBEIRA,SP,258477740.39,284353.9498239824,668654.0511812931
"ASSOC DE ASSIST Ã SAÃDE DOS SERV DAS UNIV E INST FED, EST E/OU FAC PART EM PE",PE,258143824.64,360033.2282287308,761640.6441145901
QUALIDONTO - QUALIDADE EM ODONTOLOGIA LTDA ,BA,255775500.83,297759.6051571595,727440.7309828657
UNIODONTO DE PINDAMONHANGABA COOP ODONTOLOGICA,SP,237030725.22,184316.27155520994,475739.9006776936
PRESERVE SAUDE ASSISTENCIA MEDICA LTDA,BA,234096312.67,217764.0117860465,611712.2714752406
ODONTO PRIME S/S LTDA,CE,233511610.07,468898.81540160644,765563.886024317
CENTRO DE ENDOCRINOLOGIA DE JUNDIAÃ S/S LTDA,SP,231899866.18,217338.2063542643,468763.5473271591
UNIODONTO DE SERTAOZINHO SP COOPERATIVA ODONTOLOGICA,SP,227488010.63,304128.3564572192,746738.5123162976
ALMA ODONTO OPERADORA DE PLANOS ODONTOLOGICOS LTDA,SP,222647694.52,351734.1145655608,578411.5500744957
NOVODENTE S/A,RS,213403246.4,583068.9792349727,1731623.229400646
EVO SAUDE ASSISTENCIA MEDICA LTDA,DF,207554744.0,243038.34192037472,742422.8120707899
SAME-SERVIÃO DE ASSISTÃNCIA MÃDICA EMPRESARIAL LTDA.,MA,201872408.55,256183.2595812183,479960.55739019817
UNICOR ADMINISTRADORA DE BENEFICIOS LTDA,MG,196609708.96,208272.996779661,468178.93699159625
CASE - CENTRAL DE ADMINISTRAÃÃO DE PLANO DE SAÃDE LTDA,RJ,194424570.32,288892.3778900446,592604.9641052426
UNIMED ALTO PARANAIBA COOPERATIVA DE TRABALHO MEDICO,MG,182570244.66,141857.22195804195,375961.91431292926
AMPLITUDE PLANOS DE SAUDE LTDA ,MG,164869763.12,477883.37136231887,952403.4281367983
ASSISTÃNCIA MÃDICA 12 DE OUTUBRO LTDA,SP,160760025.12,426419.1647745358,715142.0593934496
POLIMÃDICA SAÃDE SOCIEDADE SIMPLES LTDA,RS,150962886.58,157910.96922594143,434742.2893263477
PLAMEDH - PLANO DE ASSISTÃNCIA MÃDICO-HOSPITALAR LTDA,MG,138391700.62,302826.478380744,514207.7693139326
G & M ASSESSORIA MEDICA EMPRESARIAL LTDA,RJ,133044115.51,120729.68739564429,279681.3091899052
AIRES OPERADORA DE SAUDE LTDA,PE,126967437.51,197461.02256609642,503966.49282540515
BRASIL ODONTO OPERADORA DE PLANOS ODONTOLÃGICOS LTDA,TO,126907678.76,140540.06507198227,313685.1799285926
CLÃNICA SÃO GABRIEL S/S LTDA,SP,120151881.1,151324.78727959696,408359.426365192
SAGRADA SAÃDE ASSISTÃNCIA MÃDICA LTDA,MG,119956732.95,196973.28891625616,498436.6567788022
PLANO SIGMA SAÃDE LTDA,SP,118396431.5,238702.4828629032,436850.9000004326
SMART CARE SISTEMAS MÃDICOS E ODONTOLÃGICOS LTDA.,SP,111180550.53,265347.3759665871,560165.7946237319
LEXUS ADMINISTRADORA DE BENEFICIOS LTDA,SP,100861221.1,124828.24393564355,270178.23219351197
BEMSTAR ASSISTENCIA MEDICA LTDA,BA,96414985.17,136758.84421276595,241381.03136788044
FOX SAÃDE ASSISTÃNCIA MÃDICA INTEGRADA LTDA,PE,96081016.64,980418.5371428571,1311774.3881956225
NEXO - ADMINISTRADORA DE BENEFICIOS LTDA,SP,93123899.63,134184.2934149856,342005.0294772256
VIVER SAUDE LTDA,RN,91348544.96,524991.6377011493,907589.89260038
FEBRAFITE SAUDE,DF,86528203.04,293315.9425084746,502520.1921253468
LIFE CLASS ADMINISTRADORA DE BENEFICIOS LTDA.,SP,83494230.32,131694.36958990534,258533.88897939687
ESPLENDOR ADMINISTRADORA DE BENEFÃCIOS LTDA.,DF,83240384.17,119598.2531178161,264776.52559658646
SALVE SAÃDE ADMINISTRADORA DE BENEFÃCIOS LTDA,RJ,71573261.25,131327.08486238532,418011.6948368448
VCT PLANOS DE SAUDE LTDA,MG,69621009.37,186651.49965147456,379740.06560344546
HEALTH ADMINISTRADORA DE BENEFICIOS LTDA,SP,60672151.41,171875.78303116147,349767.8298748715
MAXIMED PLANOS DE SAUDE LTDA,RJ,58366560.88,422946.0933333334,914663.1001388311
SANUS ADMINISTRADORA DE BENEFÃCIOS LTDA,ES,57792461.800000004,159647.68453038676,434470.97537384066
EGRÃGORA  ADMINISTRADORA DE BENEFICIOS S/A,ES,53868333.92,177198.46684210526,374064.2853680996
SAUDE SALV ASSISTENCIA MEDICA LTDA,RO,50689112.1,173592.84965753424,366604.2706056126
UNIC ASSISTENCIA MEDICA LTDA,SP,49597500.0,1377708.3333333333,1534267.024277624
AP ADMINISTRAÃÃO DE BENEFICIOS - SOCIEDADE SIMPLES UNIPESSOAL LIMITADA,SP,48320130.75,150062.51785714287,377508.3114596791
PLAMEDH PLANOS DE SAÃDE LTDA,MG,47635100.76,595438.7594999999,730573.2018295785
GESTAO VIDA ADMINISTRADORA DE BENEFICIOS LTDA.,SP,47463460.81,110124.03900232019,182323.93901174446
UP SOLUÃÃES EM SAÃDE LTDA ,SP,41938805.6,224271.68770053476,329855.1163045073
ELITE SAUDE SERVICOS MEDICOS LTDA.,SP,40494359.9,323954.87919999997,476742.4494977129
NOVAMED PLANOS DE SAUDE LTDA,GO,35494226.72,1109194.585,1075663.9384756433
BIT LIFE BENEFÃCIOS LTDA,SP,35020151.33,89795.25982051282,135252.9449904861
PRO-SAUDE JARINU ASSISTENCIA MEDICA SUPLEMENTAR LTDA.,SP,32798381.86,156182.77076190477,323911.1336461426
SAUDE INTEGRAL ASSISTENCIA MEDICA LTDA,BA,29997346.2,133321.53866666666,243543.3422801409
VITACARE PLANOS DE SAUDE LTDA,BA,28800275.84,213335.3765925926,259678.50462834907
CLICSAUDE ADMINISTRADORA DE BENEFICIOS LTDA,SP,27756007.61,51977.542340823966,119664.34803734014
INTERVIDA ADMINISTRADORA DE BENEFÃCIOS LTDA,SP,27337539.49,60750.08775555555,138471.2147943529
BEDOIS SERVIÃOS DE ADMINISTRAÃÃO DE BENEFÃCIOS LTDA.,RJ,23837470.93,89278.91734082397,185799.93769204523
SAUDE VIVA ADMINISTRADORA DE BENEFICIOS LTDA,SP,23506426.64,67937.64924855491,141779.17126805685
ATIMED ASSISTENCIA MEDICA LTDA,SP,20979123.18,308516.51735294115,479641.4758083931
ESPERANÃA OPERADORA DE PLANOS DE SAÃDE LTDA,RJ,20805155.52,452285.9895652174,625955.0898455924
UNIÃO HOSPITAIS DE PERNAMBUCO LTDA,PE,20803541.6,452250.90434782614,625964.1784176527
SAUDE FACIL PLANOS DE SAUDE LTDA,RJ,20801994.72,452217.2765217391,625975.1720422498
INTEGRALCARE PLANOS DE SAUDE LTDA,BA,19201672.32,142234.60977777778,165932.64040807032
MEDICAL LIFE PLANOS DE SAÃDE LTDA,BA,18880546.56,242058.2892307692,259801.1640926841
TOTAL SAUDE  ADMINISTRADORA DE BENEFICIOS EIRELI,ES,16951074.0,167832.41584158415,177860.9102648073
LIKE DENTAL PLANOS ODONTOLÃGICOS SS LTDA,PR,15970840.42,46292.29107246377,95139.08928033165
INTEGRA ADMINISTRADORA DE BENEFICIOS LTDA,GO,12957490.14,69663.92548387097,137605.15216358722
AMAZIL ASSISTENCIA MEDICA DO BRASIL LTDA,RJ,12491463.82,52929.93144067797,105856.74728911955
RAMED ADMINISTRADORA DE BENEFICIOS LTDA.,SP,12249940.899999999,50829.63029045642,157953.77675867145
SOCIODONTO PLANO DE ASSISTÃNCIA ODONTOLÃGICA LTDA,MG,12240775.36,23722.432868217053,52696.516764153435
SALUTY ADMINISTRADORA DE BENEFICIOS LTDA,RJ,11366771.12,37390.694473684205,70092.21084437732
VIVER BEM ADMINISTRADORA DE BENEFÃCIOS LTDA,RJ,11341039.33,42796.37483018868,64151.842309889485
